archivo_publicado,proveedor,id_fuente,url_fuente,licencia,atribucion,clase_imagen,alternativa,etiquetas_es,etiquetas_en,usos
/assets/pictogramas/dinero/b5.svg,Iris Green (dibujo vectorial propio),b5,,© Iris Green,Iris Green,funcional (en botón) o informativa (en hoja); siempre junto a su texto,"alt="""" porque el texto visible dice lo mismo",5 €,€5,juego:la-compra
/assets/pictogramas/dinero/c50.svg,Iris Green (dibujo vectorial propio),c50,,© Iris Green,Iris Green,funcional (en botón) o informativa (en hoja); siempre junto a su texto,"alt="""" porque el texto visible dice lo mismo",50 céntimos,50 cents,juego:la-compra
/assets/pictogramas/dinero/e2.svg,Iris Green (dibujo vectorial propio),e2,,© Iris Green,Iris Green,funcional (en botón) o informativa (en hoja); siempre junto a su texto,"alt="""" porque el texto visible dice lo mismo",2 €,€2,juego:la-compra
/assets/pictogramas/fase1/limpio-break_time_2.svg,Mulberry Symbols,break_time_2,https://github.com/mulberrysymbols/mulberry-symbols/blob/master/EN/break_time_2.svg,CC BY-SA 4.0,"Mulberry Symbols © Garry Paxton 2008-2017, © Steve Lee 2018-2026",funcional (en botón) o informativa (en hoja); siempre junto a su texto,"alt="""" porque el texto visible dice lo mismo",Hacer una pausa,Take a break,juego:estudiar-para-un-examen imprimible:estudiar-por-partes imprimible:empezar-una-tarea
/assets/pictogramas/fase1/limpio-cook.svg,Mulberry Symbols,cook,https://github.com/mulberrysymbols/mulberry-symbols/blob/master/EN/cook.svg,CC BY-SA 4.0,"Mulberry Symbols © Garry Paxton 2008-2017, © Steve Lee 2018-2026",funcional (en botón) o informativa (en hoja); siempre junto a su texto,"alt="""" porque el texto visible dice lo mismo",Cocinar,Cook,imprimible:cocinar-una-receta
/assets/pictogramas/fase1/limpio-draw.svg,Mulberry Symbols,draw,https://github.com/mulberrysymbols/mulberry-symbols/blob/master/EN/draw.svg,CC BY-SA 4.0,"Mulberry Symbols © Garry Paxton 2008-2017, © Steve Lee 2018-2026",funcional (en botón) o informativa (en hoja); siempre junto a su texto,"alt="""" porque el texto visible dice lo mismo",Dibujar,Draw,juego:construye-tu-tarde
/assets/pictogramas/fase1/limpio-dry_face.svg,Mulberry Symbols,dry_face,https://github.com/mulberrysymbols/mulberry-symbols/blob/master/EN/dry_face.svg,CC BY-SA 4.0,"Mulberry Symbols © Garry Paxton 2008-2017, © Steve Lee 2018-2026",funcional (en botón) o informativa (en hoja); siempre junto a su texto,"alt="""" porque el texto visible dice lo mismo",Secarse la cara | Secar la cara | Secar,Dry your face | Dry,juego:objeto-accion juego:ordena-secarse juego:que-viene-secarse juego:ordena-afeitarse-o-cuidado-personal juego:que-viene-afeitarse-o-cuidado-personal imprimible:afeitarse imprimible:rutina-secarse imprimible:rutina-afeitarse-o-cuidado-personal
/assets/pictogramas/fase1/limpio-dry_hair.svg,Mulberry Symbols,dry_hair,https://github.com/mulberrysymbols/mulberry-symbols/blob/master/EN/dry_hair.svg,CC BY-SA 4.0,"Mulberry Symbols © Garry Paxton 2008-2017, © Steve Lee 2018-2026",funcional (en botón) o informativa (en hoja); siempre junto a su texto,"alt="""" porque el texto visible dice lo mismo",Secarse el pelo | Secar el pelo,Dry your hair,juego:ordena-lavarse-el-pelo juego:que-viene-lavarse-el-pelo juego:ordena-secarse juego:que-viene-secarse imprimible:rutina-lavarse-el-pelo imprimible:rutina-secarse
/assets/pictogramas/fase1/limpio-dust.svg,Mulberry Symbols,dust,https://github.com/mulberrysymbols/mulberry-symbols/blob/master/EN/dust.svg,CC BY-SA 4.0,"Mulberry Symbols © Garry Paxton 2008-2017, © Steve Lee 2018-2026",funcional (en botón) o informativa (en hoja); siempre junto a su texto,"alt="""" porque el texto visible dice lo mismo",Quitar el polvo,Dust,juego:dividir-una-tarea-grande imprimible:limpiar-la-casa
/assets/pictogramas/fase1/limpio-enter_door.svg,Mulberry Symbols,enter_door,https://github.com/mulberrysymbols/mulberry-symbols/blob/master/EN/enter_door.svg,CC BY-SA 4.0,"Mulberry Symbols © Garry Paxton 2008-2017, © Steve Lee 2018-2026",funcional (en botón) o informativa (en hoja); siempre junto a su texto,"alt="""" porque el texto visible dice lo mismo",Entrar,Go in,
/assets/pictogramas/fase1/limpio-exercise.svg,Mulberry Symbols,exercise,https://github.com/mulberrysymbols/mulberry-symbols/blob/master/EN/exercise.svg,CC BY-SA 4.0,"Mulberry Symbols © Garry Paxton 2008-2017, © Steve Lee 2018-2026",funcional (en botón) o informativa (en hoja); siempre junto a su texto,"alt="""" porque el texto visible dice lo mismo",Hacer ejercicio,Exercise,juego:construye-tu-tarde
/assets/pictogramas/fase1/limpio-feed_cat.svg,Mulberry Symbols,feed_cat,https://github.com/mulberrysymbols/mulberry-symbols/blob/master/EN/feed_cat.svg,CC BY-SA 4.0,"Mulberry Symbols © Garry Paxton 2008-2017, © Steve Lee 2018-2026",funcional (en botón) o informativa (en hoja); siempre junto a su texto,"alt="""" porque el texto visible dice lo mismo",Dar de comer al gato,Feed the cat,
/assets/pictogramas/fase1/limpio-feed_dog.svg,Mulberry Symbols,feed_dog,https://github.com/mulberrysymbols/mulberry-symbols/blob/master/EN/feed_dog.svg,CC BY-SA 4.0,"Mulberry Symbols © Garry Paxton 2008-2017, © Steve Lee 2018-2026",funcional (en botón) o informativa (en hoja); siempre junto a su texto,"alt="""" porque el texto visible dice lo mismo",Darle agua y comida | Dar de comer,Give it water and food | Feed the animal,juego:salir-con-el-perro juego:que-falta-quitarse-la-ropa-y-dejarla-en-su-sitio juego:que-falta-guardar-la-comida juego:ordena-cuidar-a-un-animal-de-compania juego:que-falta-cuidar-a-un-animal-de-compania imprimible:rutina-cuidar-a-un-animal-de-compania
/assets/pictogramas/fase1/limpio-flush_toilet.svg,Mulberry Symbols,flush_toilet,https://github.com/mulberrysymbols/mulberry-symbols/blob/master/EN/flush_toilet.svg,CC BY-SA 4.0,"Mulberry Symbols © Garry Paxton 2008-2017, © Steve Lee 2018-2026",funcional (en botón) o informativa (en hoja); siempre junto a su texto,"alt="""" porque el texto visible dice lo mismo",Tirar de la cadena,Flush the toilet,juego:ordena-ir-al-bano juego:que-viene-ir-al-bano imprimible:ir-al-bano
/assets/pictogramas/fase1/limpio-fold_clothes.svg,Mulberry Symbols,fold_clothes,https://github.com/mulberrysymbols/mulberry-symbols/blob/master/EN/fold_clothes.svg,CC BY-SA 4.0,"Mulberry Symbols © Garry Paxton 2008-2017, © Steve Lee 2018-2026",funcional (en botón) o informativa (en hoja); siempre junto a su texto,"alt="""" porque el texto visible dice lo mismo",Doblarla,Fold it,juego:ordena-doblar-la-ropa juego:que-falta-doblar-la-ropa
/assets/pictogramas/fase1/limpio-get_on_bus.svg,Mulberry Symbols,get_on_bus,https://github.com/mulberrysymbols/mulberry-symbols/blob/master/EN/get_on_bus.svg,CC BY-SA 4.0,"Mulberry Symbols © Garry Paxton 2008-2017, © Steve Lee 2018-2026",funcional (en botón) o informativa (en hoja); siempre junto a su texto,"alt="""" porque el texto visible dice lo mismo",Ir a la parada,Go to the stop,juego:ordena-usar-el-transporte-publico juego:que-viene-usar-el-transporte-publico imprimible:rutina-usar-el-transporte-publico
/assets/pictogramas/fase1/limpio-hang_coat.svg,Mulberry Symbols,hang_coat,https://github.com/mulberrysymbols/mulberry-symbols/blob/master/EN/hang_coat.svg,CC BY-SA 4.0,"Mulberry Symbols © Garry Paxton 2008-2017, © Steve Lee 2018-2026",funcional (en botón) o informativa (en hoja); siempre junto a su texto,"alt="""" porque el texto visible dice lo mismo",Colgar el abrigo,Hang up your coat,
/assets/pictogramas/fase1/limpio-hoover.svg,Mulberry Symbols,hoover,https://github.com/mulberrysymbols/mulberry-symbols/blob/master/EN/hoover.svg,CC BY-SA 4.0,"Mulberry Symbols © Garry Paxton 2008-2017, © Steve Lee 2018-2026",funcional (en botón) o informativa (en hoja); siempre junto a su texto,"alt="""" porque el texto visible dice lo mismo",Pasar la aspiradora | Aspirar,Vacuum,juego:dividir-una-tarea-grande juego:ordena-pasar-la-aspiradora juego:que-falta-pasar-la-aspiradora imprimible:limpiar-la-casa imprimible:rutina-pasar-la-aspiradora
/assets/pictogramas/fase1/limpio-hungry.svg,Mulberry Symbols,hungry,https://github.com/mulberrysymbols/mulberry-symbols/blob/master/EN/hungry.svg,CC BY-SA 4.0,"Mulberry Symbols © Garry Paxton 2008-2017, © Steve Lee 2018-2026",funcional (en botón) o informativa (en hoja); siempre junto a su texto,"alt="""" porque el texto visible dice lo mismo",Comer algo,Have something to eat,
/assets/pictogramas/fase1/limpio-iron.svg,Mulberry Symbols,iron,https://github.com/mulberrysymbols/mulberry-symbols/blob/master/EN/iron.svg,CC BY-SA 4.0,"Mulberry Symbols © Garry Paxton 2008-2017, © Steve Lee 2018-2026",funcional (en botón) o informativa (en hoja); siempre junto a su texto,"alt="""" porque el texto visible dice lo mismo",Planchar,Iron,
/assets/pictogramas/fase1/limpio-make_the_bed.svg,Mulberry Symbols,make_the_bed,https://github.com/mulberrysymbols/mulberry-symbols/blob/master/EN/make_the_bed.svg,CC BY-SA 4.0,"Mulberry Symbols © Garry Paxton 2008-2017, © Steve Lee 2018-2026",funcional (en botón) o informativa (en hoja); siempre junto a su texto,"alt="""" porque el texto visible dice lo mismo",Hacer la cama,Make the bed,juego:dos-rutinas-mezcladas
/assets/pictogramas/fase1/limpio-put_on_coat.svg,Mulberry Symbols,put_on_coat,https://github.com/mulberrysymbols/mulberry-symbols/blob/master/EN/put_on_coat.svg,CC BY-SA 4.0,"Mulberry Symbols © Garry Paxton 2008-2017, © Steve Lee 2018-2026",funcional (en botón) o informativa (en hoja); siempre junto a su texto,"alt="""" porque el texto visible dice lo mismo",Ponerse el abrigo,Put on your coat,juego:construye-tu-manana juego:manana-de-lluvia juego:ordena-ponerse-el-abrigo-y-salir juego:que-viene-ponerse-el-abrigo-y-salir imprimible:rutina-ponerse-el-abrigo-y-salir
/assets/pictogramas/fase1/limpio-put_out_rubbish.svg,Mulberry Symbols,put_out_rubbish,https://github.com/mulberrysymbols/mulberry-symbols/blob/master/EN/put_out_rubbish.svg,CC BY-SA 4.0,"Mulberry Symbols © Garry Paxton 2008-2017, © Steve Lee 2018-2026",funcional (en botón) o informativa (en hoja); siempre junto a su texto,"alt="""" porque el texto visible dice lo mismo",Sacar la basura | Llevarla fuera,Take out the rubbish | Take it outside,juego:dividir-una-tarea-grande juego:ordena-sacar-la-basura juego:que-falta-sacar-la-basura imprimible:limpiar-la-casa imprimible:rutina-sacar-la-basura
/assets/pictogramas/fase1/limpio-sensory_room.svg,Mulberry Symbols,sensory_room,https://github.com/mulberrysymbols/mulberry-symbols/blob/master/EN/sensory_room.svg,CC BY-SA 4.0,"Mulberry Symbols © Garry Paxton 2008-2017, © Steve Lee 2018-2026",funcional (en botón) o informativa (en hoja); siempre junto a su texto,"alt="""" porque el texto visible dice lo mismo",Ir a un sitio tranquilo,Go somewhere quiet,
/assets/pictogramas/fase1/limpio-set_the_table.svg,Mulberry Symbols,set_the_table,https://github.com/mulberrysymbols/mulberry-symbols/blob/master/EN/set_the_table.svg,CC BY-SA 4.0,"Mulberry Symbols © Garry Paxton 2008-2017, © Steve Lee 2018-2026",funcional (en botón) o informativa (en hoja); siempre junto a su texto,"alt="""" porque el texto visible dice lo mismo",Poner la mesa,Set the table,juego:antes-y-despues-de-comer imprimible:poner-y-recoger-la-mesa
/assets/pictogramas/fase1/limpio-shampoo_hair.svg,Mulberry Symbols,shampoo_hair,https://github.com/mulberrysymbols/mulberry-symbols/blob/master/EN/shampoo_hair.svg,CC BY-SA 4.0,"Mulberry Symbols © Garry Paxton 2008-2017, © Steve Lee 2018-2026",funcional (en botón) o informativa (en hoja); siempre junto a su texto,"alt="""" porque el texto visible dice lo mismo",Lavarse el pelo | Frotar,Wash your hair | Rub,juego:ordena-la-ducha juego:ordena-lavarse-el-pelo juego:que-viene-lavarse-el-pelo imprimible:ducharse imprimible:rutina-lavarse-el-pelo
/assets/pictogramas/fase1/limpio-shave.svg,Mulberry Symbols,shave,https://github.com/mulberrysymbols/mulberry-symbols/blob/master/EN/shave.svg,CC BY-SA 4.0,"Mulberry Symbols © Garry Paxton 2008-2017, © Steve Lee 2018-2026",funcional (en botón) o informativa (en hoja); siempre junto a su texto,"alt="""" porque el texto visible dice lo mismo",Afeitarse,Shave,juego:ordena-afeitarse-o-cuidado-personal juego:que-viene-afeitarse-o-cuidado-personal imprimible:rutina-afeitarse-o-cuidado-personal
/assets/pictogramas/fase1/limpio-shoe_ladies.svg,Mulberry Symbols,shoe_ladies,https://github.com/mulberrysymbols/mulberry-symbols/blob/master/EN/shoe_ladies.svg,CC BY-SA 4.0,"Mulberry Symbols © Garry Paxton 2008-2017, © Steve Lee 2018-2026",funcional (en botón) o informativa (en hoja); siempre junto a su texto,"alt="""" porque el texto visible dice lo mismo",Quitarte los zapatos,Take your shoes off,juego:despues-de-un-dia-dificil imprimible:volver-a-casa
/assets/pictogramas/fase1/limpio-shoe_mans.svg,Mulberry Symbols,shoe_mans,https://github.com/mulberrysymbols/mulberry-symbols/blob/master/EN/shoe_mans.svg,CC BY-SA 4.0,"Mulberry Symbols © Garry Paxton 2008-2017, © Steve Lee 2018-2026",funcional (en botón) o informativa (en hoja); siempre junto a su texto,"alt="""" porque el texto visible dice lo mismo",Ponerse los zapatos | Poner el pie en el suelo | Coger un cordón en cada mano | Coger los zapatos | Ponerse un zapato | Ponerse el otro zapato | Elegir los zapatos | Zapatos | Poner los zapatos debajo,Put on your shoes | Put your foot down | Hold one lace in each hand | Take your shoes | Put on one shoe | Put on the other shoe | Choose the shoes | Shoes | Put the shoes underneath,juego:construye-tu-manana juego:ordena-atarse-los-cordones juego:que-viene-atarse-los-cordones juego:ordena-ponerse-y-quitarse-los-zapatos juego:que-viene-ponerse-y-quitarse-los-zapatos juego:ordena-elegir-la-ropa juego:que-viene-elegir-la-ropa juego:ordena-vestirse-por-orden juego:que-viene-vestirse-por-orden juego:ordena-preparar-la-ropa-del-dia-siguiente juego:que-viene-preparar-la-ropa-del-dia-siguiente juego:que-viene-dividir-una-tarea-grande juego:primero-preparar-el-pijama imprimible:rutina-ponerse-y-quitarse-los-zapatos imprimible:rutina-elegir-la-ropa imprimible:rutina-vestirse-por-orden imprimible:rutina-preparar-la-ropa-del-dia-siguiente
/assets/pictogramas/fase1/limpio-sit_at_computer.svg,Mulberry Symbols,sit_at_computer,https://github.com/mulberrysymbols/mulberry-symbols/blob/master/EN/sit_at_computer.svg,CC BY-SA 4.0,"Mulberry Symbols © Garry Paxton 2008-2017, © Steve Lee 2018-2026",funcional (en botón) o informativa (en hoja); siempre junto a su texto,"alt="""" porque el texto visible dice lo mismo",Vuelvo ya,I go back now,juego:volver-del-descanso
/assets/pictogramas/fase1/limpio-study.svg,Mulberry Symbols,study,https://github.com/mulberrysymbols/mulberry-symbols/blob/master/EN/study.svg,CC BY-SA 4.0,"Mulberry Symbols © Garry Paxton 2008-2017, © Steve Lee 2018-2026",funcional (en botón) o informativa (en hoja); siempre junto a su texto,"alt="""" porque el texto visible dice lo mismo",Deberes | Estudiar para el examen | Estudiar un trozo,Homework | Study for the test | Study one piece,juego:construye-tu-tarde juego:primero-despues juego:organizar-los-deberes juego:estudiar-para-un-examen imprimible:estudiar-por-partes
/assets/pictogramas/fase1/limpio-thirsty.svg,Mulberry Symbols,thirsty,https://github.com/mulberrysymbols/mulberry-symbols/blob/master/EN/thirsty.svg,CC BY-SA 4.0,"Mulberry Symbols © Garry Paxton 2008-2017, © Steve Lee 2018-2026",funcional (en botón) o informativa (en hoja); siempre junto a su texto,"alt="""" porque el texto visible dice lo mismo",Beber agua,Drink water,
/assets/pictogramas/fase1/limpio-toilet_go_to_the.svg,Mulberry Symbols,toilet_go_to_the,https://github.com/mulberrysymbols/mulberry-symbols/blob/master/EN/toilet_go_to_the.svg,CC BY-SA 4.0,"Mulberry Symbols © Garry Paxton 2008-2017, © Steve Lee 2018-2026",funcional (en botón) o informativa (en hoja); siempre junto a su texto,"alt="""" porque el texto visible dice lo mismo",Ir al baño,Go to the toilet,juego:ordena-ir-al-bano juego:que-viene-ir-al-bano juego:que-falta-beber-agua-a-lo-largo-del-dia juego:que-viene-usar-el-transporte-publico juego:que-falta-orientarse-en-un-lugar-conocido juego:ordena-higiene-nocturna juego:que-falta-higiene-nocturna juego:que-viene-descansar-antes-de-agotarte imprimible:ir-al-bano imprimible:rutina-higiene-nocturna
/assets/pictogramas/fase1/limpio-undress.svg,Mulberry Symbols,undress,https://github.com/mulberrysymbols/mulberry-symbols/blob/master/EN/undress.svg,CC BY-SA 4.0,"Mulberry Symbols © Garry Paxton 2008-2017, © Steve Lee 2018-2026",funcional (en botón) o informativa (en hoja); siempre junto a su texto,"alt="""" porque el texto visible dice lo mismo",Quitarse la ropa,Get undressed | Take off your clothes,juego:ordena-la-ducha juego:ordena-quitarse-la-ropa-y-dejarla-en-su-sitio juego:que-falta-quitarse-la-ropa-y-dejarla-en-su-sitio juego:ordena-ducharse juego:que-viene-ducharse juego:que-falta-esperar-el-turno juego:que-falta-tomar-la-medicacion imprimible:ducharse imprimible:rutina-quitarse-la-ropa-y-dejarla-en-su-sitio
/assets/pictogramas/fase1/limpio-use_computer.svg,Mulberry Symbols,use_computer,https://github.com/mulberrysymbols/mulberry-symbols/blob/master/EN/use_computer.svg,CC BY-SA 4.0,"Mulberry Symbols © Garry Paxton 2008-2017, © Steve Lee 2018-2026",funcional (en botón) o informativa (en hoja); siempre junto a su texto,"alt="""" porque el texto visible dice lo mismo",Usar el ordenador,Use the computer,
/assets/pictogramas/fase1/limpio-walk_dog.svg,Mulberry Symbols,walk_dog,https://github.com/mulberrysymbols/mulberry-symbols/blob/master/EN/walk_dog.svg,CC BY-SA 4.0,"Mulberry Symbols © Garry Paxton 2008-2017, © Steve Lee 2018-2026",funcional (en botón) o informativa (en hoja); siempre junto a su texto,"alt="""" porque el texto visible dice lo mismo",Pasear al perro | Pasear o limpiar,Walk the dog | Walk or clean,juego:salir-con-el-perro juego:ordena-cuidar-a-un-animal-de-compania juego:que-falta-cuidar-a-un-animal-de-compania imprimible:rutina-cuidar-a-un-animal-de-compania
/assets/pictogramas/fase1/limpio-wash_clothes.svg,Mulberry Symbols,wash_clothes,https://github.com/mulberrysymbols/mulberry-symbols/blob/master/EN/wash_clothes.svg,CC BY-SA 4.0,"Mulberry Symbols © Garry Paxton 2008-2017, © Steve Lee 2018-2026",funcional (en botón) o informativa (en hoja); siempre junto a su texto,"alt="""" porque el texto visible dice lo mismo",Poner una lavadora | Meter la ropa,Do a load of washing | Put in the clothes,juego:dividir-una-tarea-grande juego:que-viene-comprobar-llaves-telefono-y-documentos juego:ordena-poner-la-lavadora juego:que-viene-poner-la-lavadora juego:que-viene-prepararse-para-un-cambio-previsto
/assets/pictogramas/fase1/limpio-wash_up.svg,Mulberry Symbols,wash_up,https://github.com/mulberrysymbols/mulberry-symbols/blob/master/EN/wash_up.svg,CC BY-SA 4.0,"Mulberry Symbols © Garry Paxton 2008-2017, © Steve Lee 2018-2026",funcional (en botón) o informativa (en hoja); siempre junto a su texto,"alt="""" porque el texto visible dice lo mismo",Fregar los platos | Recoger la cocina | Lavar | Aclarar,Wash the dishes | Tidy the kitchen | Wash up | Rinse,juego:demasiadas-tareas juego:dividir-una-tarea-grande juego:ordena-lavar-los-platos juego:que-viene-lavar-los-platos imprimible:cocinar-una-receta imprimible:limpiar-la-casa imprimible:rutina-lavar-los-platos
/assets/pictogramas/fase1/limpio-water_plants.svg,Mulberry Symbols,water_plants,https://github.com/mulberrysymbols/mulberry-symbols/blob/master/EN/water_plants.svg,CC BY-SA 4.0,"Mulberry Symbols © Garry Paxton 2008-2017, © Steve Lee 2018-2026",funcional (en botón) o informativa (en hoja); siempre junto a su texto,"alt="""" porque el texto visible dice lo mismo",Regar las plantas | Regar,Water the plants,juego:dividir-una-tarea-grande juego:ordena-regar-las-plantas juego:primero-regar-las-plantas imprimible:rutina-regar-las-plantas
/assets/pictogramas/fase1/limpio-wipe_table.svg,Mulberry Symbols,wipe_table,https://github.com/mulberrysymbols/mulberry-symbols/blob/master/EN/wipe_table.svg,CC BY-SA 4.0,"Mulberry Symbols © Garry Paxton 2008-2017, © Steve Lee 2018-2026",funcional (en botón) o informativa (en hoja); siempre junto a su texto,"alt="""" porque el texto visible dice lo mismo",Recoger y limpiar la mesa | Limpiar la mesa | Quitar lo que hay encima,Clear and wipe the table | Wipe the table | Take things off,juego:antes-y-despues-de-comer juego:que-viene-elegir-la-ropa juego:que-viene-poner-la-mesa juego:ordena-recoger-la-mesa juego:que-falta-recoger-la-mesa juego:ordena-limpiar-una-superficie juego:que-falta-limpiar-una-superficie imprimible:poner-y-recoger-la-mesa imprimible:rutina-recoger-la-mesa imprimible:rutina-limpiar-una-superficie
/assets/pictogramas/mulberry-extra/bank_card.svg,Mulberry Symbols,bank_card,https://github.com/mulberrysymbols/mulberry-symbols/blob/master/EN/bank_card.svg,CC BY-SA 4.0,"Mulberry Symbols © Garry Paxton 2008-2017, © Steve Lee 2018-2026",funcional (en botón) o informativa (en hoja); siempre junto a su texto,"alt="""" porque el texto visible dice lo mismo",Validar el billete,Use your ticket,juego:ordena-usar-el-transporte-publico juego:que-viene-usar-el-transporte-publico imprimible:rutina-usar-el-transporte-publico
/assets/pictogramas/mulberry-extra/blanket.svg,Mulberry Symbols,blanket,https://github.com/mulberrysymbols/mulberry-symbols/blob/master/EN/blanket.svg,CC BY-SA 4.0,"Mulberry Symbols © Garry Paxton 2008-2017, © Steve Lee 2018-2026",funcional (en botón) o informativa (en hoja); siempre junto a su texto,"alt="""" porque el texto visible dice lo mismo",Subir el edredón,Pull up the duvet,juego:ordena-hacer-la-cama juego:que-falta-hacer-la-cama imprimible:rutina-hacer-la-cama
/assets/pictogramas/mulberry-extra/cooker.svg,Mulberry Symbols,cooker,https://github.com/mulberrysymbols/mulberry-symbols/blob/master/EN/cooker.svg,CC BY-SA 4.0,"Mulberry Symbols © Garry Paxton 2008-2017, © Steve Lee 2018-2026",funcional (en botón) o informativa (en hoja); siempre junto a su texto,"alt="""" porque el texto visible dice lo mismo",Ir a la cocina,Go to the kitchen,juego:que-falta-subir-y-bajar-la-cremallera juego:ordena-desayunar juego:que-viene-desayunar juego:que-falta-esperar imprimible:rutina-desayunar
/assets/pictogramas/mulberry-extra/correct.svg,Mulberry Symbols,correct,https://github.com/mulberrysymbols/mulberry-symbols/blob/master/EN/correct.svg,CC BY-SA 4.0,"Mulberry Symbols © Garry Paxton 2008-2017, © Steve Lee 2018-2026",funcional (en botón) o informativa (en hoja); siempre junto a su texto,"alt="""" porque el texto visible dice lo mismo",Marcarlo | Comprobar que está completa | Comprobar que llegó | Comprobar que es el sitio | Marcar lo hecho | Marcar que la has tomado | Marcar lo cogido | Hacerlo,Tick it | Check it is complete | Check it arrived | Check it is the right place | Tick what is done | Mark that you took it | Tick what you picked up | Do it,juego:que-falta-peinarse juego:que-falta-hacer-la-cama juego:ordena-dividir-una-tarea-grande juego:que-viene-dividir-una-tarea-grande juego:ordena-entregar-una-tarea juego:que-falta-entregar-una-tarea juego:ordena-orientarse-en-un-lugar-conocido juego:que-falta-orientarse-en-un-lugar-conocido juego:ordena-organizar-la-secuencia-de-la-tarde juego:que-falta-organizar-la-secuencia-de-la-tarde juego:ordena-tomar-la-medicacion juego:que-falta-tomar-la-medicacion juego:ordena-usar-una-lista-de-la-compra juego:que-falta-usar-una-lista-de-la-compra juego:ordena-prepararse-para-un-cambio-previsto juego:que-viene-prepararse-para-un-cambio-previsto imprimible:rutina-dividir-una-tarea-grande imprimible:rutina-entregar-una-tarea imprimible:rutina-orientarse-en-un-lugar-conocido imprimible:rutina-organizar-la-secuencia-de-la-tarde imprimible:rutina-tomar-la-medicacion imprimible:rutina-usar-una-lista-de-la-compra imprimible:rutina-prepararse-para-un-cambio-previsto
/assets/pictogramas/mulberry-extra/cushion_2.svg,Mulberry Symbols,cushion_2,https://github.com/mulberrysymbols/mulberry-symbols/blob/master/EN/cushion_2.svg,CC BY-SA 4.0,"Mulberry Symbols © Garry Paxton 2008-2017, © Steve Lee 2018-2026",funcional (en botón) o informativa (en hoja); siempre junto a su texto,"alt="""" porque el texto visible dice lo mismo",Colocar la almohada,Put the pillow in place,juego:ordena-hacer-la-cama juego:que-falta-hacer-la-cama imprimible:rutina-hacer-la-cama
/assets/pictogramas/mulberry-extra/doctor_1a.svg,Mulberry Symbols,doctor_1a,https://github.com/mulberrysymbols/mulberry-symbols/blob/master/EN/doctor_1a.svg,CC BY-SA 4.0,"Mulberry Symbols © Garry Paxton 2008-2017, © Steve Lee 2018-2026",funcional (en botón) o informativa (en hoja); siempre junto a su texto,"alt="""" porque el texto visible dice lo mismo",Entrar a la consulta,Go in,juego:ordena-ir-a-una-cita-medica juego:que-viene-ir-a-una-cita-medica
/assets/pictogramas/mulberry-extra/find_to.svg,Mulberry Symbols,"find_,_to",https://github.com/mulberrysymbols/mulberry-symbols/blob/master/EN/find_%2C_to.svg,CC BY-SA 4.0,"Mulberry Symbols © Garry Paxton 2008-2017, © Steve Lee 2018-2026",funcional (en botón) o informativa (en hoja); siempre junto a su texto,"alt="""" porque el texto visible dice lo mismo",Buscar a alguien que trabaje allí | Buscar un punto de referencia,Find someone who works there | Find a landmark,juego:que-viene-ponerse-el-abrigo-y-salir juego:que-viene-salir-a-tiempo juego:primero-regar-las-plantas juego:que-falta-cuidar-a-un-animal-de-compania juego:ordena-pedir-ayuda juego:que-falta-pedir-ayuda juego:ordena-orientarse-en-un-lugar-conocido juego:que-falta-orientarse-en-un-lugar-conocido imprimible:rutina-pedir-ayuda imprimible:rutina-orientarse-en-un-lugar-conocido
/assets/pictogramas/mulberry-extra/glass_drinking.svg,Mulberry Symbols,"glass_,_drinking",https://github.com/mulberrysymbols/mulberry-symbols/blob/master/EN/glass_%2C_drinking.svg,CC BY-SA 4.0,"Mulberry Symbols © Garry Paxton 2008-2017, © Steve Lee 2018-2026",funcional (en botón) o informativa (en hoja); siempre junto a su texto,"alt="""" porque el texto visible dice lo mismo",Meter la botella de agua | Vaso | Llenar la botella,Put in your water bottle | Glass | Fill your bottle,juego:primero-usar-desodorante juego:ordena-preparar-la-mochila juego:que-viene-preparar-la-mochila juego:ordena-poner-la-mesa juego:que-viene-poner-la-mesa juego:ordena-beber-agua-a-lo-largo-del-dia juego:que-falta-beber-agua-a-lo-largo-del-dia juego:que-falta-abrir-un-envase-dificil imprimible:rutina-poner-la-mesa imprimible:rutina-beber-agua-a-lo-largo-del-dia
/assets/pictogramas/mulberry-extra/go_out_2_to.svg,Mulberry Symbols,"go_out_2_,_to",https://github.com/mulberrysymbols/mulberry-symbols/blob/master/EN/go_out_2_%2C_to.svg,CC BY-SA 4.0,"Mulberry Symbols © Garry Paxton 2008-2017, © Steve Lee 2018-2026",funcional (en botón) o informativa (en hoja); siempre junto a su texto,"alt="""" porque el texto visible dice lo mismo",Salir,Go out | Leave,juego:ordena-ponerse-el-abrigo-y-salir juego:que-viene-ponerse-el-abrigo-y-salir juego:ordena-salir-a-tiempo juego:que-viene-salir-a-tiempo imprimible:rutina-ponerse-el-abrigo-y-salir imprimible:rutina-salir-a-tiempo
/assets/pictogramas/mulberry-extra/hear_to.svg,Mulberry Symbols,"hear_,_to",https://github.com/mulberrysymbols/mulberry-symbols/blob/master/EN/hear_%2C_to.svg,CC BY-SA 4.0,"Mulberry Symbols © Garry Paxton 2008-2017, © Steve Lee 2018-2026",funcional (en botón) o informativa (en hoja); siempre junto a su texto,"alt="""" porque el texto visible dice lo mismo",Escuchar,Listen,juego:ordena-contestar-a-la-puerta-o-al-telefono juego:que-viene-contestar-a-la-puerta-o-al-telefono imprimible:rutina-contestar-a-la-puerta-o-al-telefono
/assets/pictogramas/mulberry-extra/notepad.svg,Mulberry Symbols,notepad,https://github.com/mulberrysymbols/mulberry-symbols/blob/master/EN/notepad.svg,CC BY-SA 4.0,"Mulberry Symbols © Garry Paxton 2008-2017, © Steve Lee 2018-2026",funcional (en botón) o informativa (en hoja); siempre junto a su texto,"alt="""" porque el texto visible dice lo mismo",Llevar la lista | Añadirlo a la lista,Take your list | Add it to the list,juego:que-viene-desayunar juego:que-viene-separar-para-reciclar juego:ordena-comprar-en-una-tienda juego:que-viene-comprar-en-una-tienda juego:ordena-usar-una-lista-de-la-compra juego:que-falta-usar-una-lista-de-la-compra imprimible:rutina-comprar-en-una-tienda imprimible:rutina-usar-una-lista-de-la-compra
/assets/pictogramas/mulberry-extra/photographs.svg,Mulberry Symbols,photographs,https://github.com/mulberrysymbols/mulberry-symbols/blob/master/EN/photographs.svg,CC BY-SA 4.0,"Mulberry Symbols © Garry Paxton 2008-2017, © Steve Lee 2018-2026",funcional (en botón) o informativa (en hoja); siempre junto a su texto,"alt="""" porque el texto visible dice lo mismo",Ver fotos del sitio o la persona,See photos of the place or person,juego:ordena-prepararse-para-un-cambio-previsto juego:que-viene-prepararse-para-un-cambio-previsto imprimible:rutina-prepararse-para-un-cambio-previsto
/assets/pictogramas/mulberry-extra/point_to.svg,Mulberry Symbols,"point_,_to",https://github.com/mulberrysymbols/mulberry-symbols/blob/master/EN/point_%2C_to.svg,CC BY-SA 4.0,"Mulberry Symbols © Garry Paxton 2008-2017, © Steve Lee 2018-2026",funcional (en botón) o informativa (en hoja); siempre junto a su texto,"alt="""" porque el texto visible dice lo mismo",Mirar el mapa o las flechas,Look at the map or arrows,juego:ordena-orientarse-en-un-lugar-conocido juego:que-falta-orientarse-en-un-lugar-conocido imprimible:rutina-orientarse-en-un-lugar-conocido
/assets/pictogramas/mulberry-extra/rest_to.svg,Mulberry Symbols,"rest_,_to",https://github.com/mulberrysymbols/mulberry-symbols/blob/master/EN/rest_%2C_to.svg,CC BY-SA 4.0,"Mulberry Symbols © Garry Paxton 2008-2017, © Steve Lee 2018-2026",funcional (en botón) o informativa (en hoja); siempre junto a su texto,"alt="""" porque el texto visible dice lo mismo",Descansar,Rest,juego:ordena-preparar-el-ambiente-de-descanso juego:que-viene-preparar-el-ambiente-de-descanso juego:ordena-volver-a-la-cama-si-te-despiertas juego:que-viene-volver-a-la-cama-si-te-despiertas juego:ordena-descansar-antes-de-agotarte juego:que-viene-descansar-antes-de-agotarte imprimible:rutina-preparar-el-ambiente-de-descanso imprimible:rutina-volver-a-la-cama-si-te-despiertas imprimible:rutina-descansar-antes-de-agotarte
/assets/pictogramas/mulberry-extra/serviette.svg,Mulberry Symbols,serviette,https://github.com/mulberrysymbols/mulberry-symbols/blob/master/EN/serviette.svg,CC BY-SA 4.0,"Mulberry Symbols © Garry Paxton 2008-2017, © Steve Lee 2018-2026",funcional (en botón) o informativa (en hoja); siempre junto a su texto,"alt="""" porque el texto visible dice lo mismo",Servilleta,Napkin,juego:ordena-poner-la-mesa juego:que-viene-poner-la-mesa imprimible:rutina-poner-la-mesa
/assets/pictogramas/mulberry-extra/shower.svg,Mulberry Symbols,shower,https://github.com/mulberrysymbols/mulberry-symbols/blob/master/EN/shower.svg,CC BY-SA 4.0,"Mulberry Symbols © Garry Paxton 2008-2017, © Steve Lee 2018-2026",funcional (en botón) o informativa (en hoja); siempre junto a su texto,"alt="""" porque el texto visible dice lo mismo",Abrir el agua | Ducharse | Cerrar el agua | Mojar el pelo | Aclarar,Turn on the water | Shower | Turn off the water | Wet your hair | Rinse,juego:ordena-ducharse juego:que-viene-ducharse juego:ordena-lavarse-el-pelo juego:que-viene-lavarse-el-pelo juego:que-viene-comprar-en-una-tienda juego:que-viene-manejar-el-dinero-de-la-semana imprimible:rutina-lavarse-el-pelo
/assets/pictogramas/mulberry-extra/sleep_female_to.svg,Mulberry Symbols,"sleep_female_,_to",https://github.com/mulberrysymbols/mulberry-symbols/blob/master/EN/sleep_female_%2C_to.svg,CC BY-SA 4.0,"Mulberry Symbols © Garry Paxton 2008-2017, © Steve Lee 2018-2026",funcional (en botón) o informativa (en hoja); siempre junto a su texto,"alt="""" porque el texto visible dice lo mismo",Dormir,Sleep,juego:ordena-acostarse juego:que-falta-acostarse imprimible:rutina-acostarse
/assets/pictogramas/mulberry-extra/smile_to.svg,Mulberry Symbols,"smile_,_to",https://github.com/mulberrysymbols/mulberry-symbols/blob/master/EN/smile_%2C_to.svg,CC BY-SA 4.0,"Mulberry Symbols © Garry Paxton 2008-2017, © Steve Lee 2018-2026",funcional (en botón) o informativa (en hoja); siempre junto a su texto,"alt="""" porque el texto visible dice lo mismo",Dar las gracias,Say thank you,juego:ordena-pedir-ayuda juego:que-falta-pedir-ayuda imprimible:rutina-pedir-ayuda
/assets/pictogramas/mulberry-extra/stand_to.svg,Mulberry Symbols,"stand_,_to",https://github.com/mulberrysymbols/mulberry-symbols/blob/master/EN/stand_%2C_to.svg,CC BY-SA 4.0,"Mulberry Symbols © Garry Paxton 2008-2017, © Steve Lee 2018-2026",funcional (en botón) o informativa (en hoja); siempre junto a su texto,"alt="""" porque el texto visible dice lo mismo",Levantarse,Stand up | Get up,juego:ordena-ponerse-y-quitarse-los-zapatos juego:que-viene-ponerse-y-quitarse-los-zapatos juego:ordena-levantarse juego:que-viene-levantarse imprimible:rutina-ponerse-y-quitarse-los-zapatos imprimible:rutina-levantarse
/assets/pictogramas/mulberry-extra/talk_1_to.svg,Mulberry Symbols,"talk_1_,_to",https://github.com/mulberrysymbols/mulberry-symbols/blob/master/EN/talk_1_%2C_to.svg,CC BY-SA 4.0,"Mulberry Symbols © Garry Paxton 2008-2017, © Steve Lee 2018-2026",funcional (en botón) o informativa (en hoja); siempre junto a su texto,"alt="""" porque el texto visible dice lo mismo",Decir qué necesitas,Say what you need,juego:ordena-pedir-una-adaptacion-o-ayuda juego:que-falta-pedir-una-adaptacion-o-ayuda imprimible:rutina-pedir-una-adaptacion-o-ayuda
/assets/pictogramas/mulberry-extra/telephone_handset.svg,Mulberry Symbols,telephone_handset,https://github.com/mulberrysymbols/mulberry-symbols/blob/master/EN/telephone_handset.svg,CC BY-SA 4.0,"Mulberry Symbols © Garry Paxton 2008-2017, © Steve Lee 2018-2026",funcional (en botón) o informativa (en hoja); siempre junto a su texto,"alt="""" porque el texto visible dice lo mismo",Suena,It rings,juego:que-falta-pasar-la-aspiradora juego:que-viene-cambiar-de-tarea juego:ordena-contestar-a-la-puerta-o-al-telefono juego:que-viene-contestar-a-la-puerta-o-al-telefono imprimible:rutina-contestar-a-la-puerta-o-al-telefono
/assets/pictogramas/mulberry-extra/telephone_mobile_to.svg,Mulberry Symbols,"telephone_mobile_,_to",https://github.com/mulberrysymbols/mulberry-symbols/blob/master/EN/telephone_mobile_%2C_to.svg,CC BY-SA 4.0,"Mulberry Symbols © Garry Paxton 2008-2017, © Steve Lee 2018-2026",funcional (en botón) o informativa (en hoja); siempre junto a su texto,"alt="""" porque el texto visible dice lo mismo",Teléfono | Coger el cargador,Phone | Take the charger,juego:ordena-comprobar-llaves-telefono-y-documentos juego:que-viene-comprobar-llaves-telefono-y-documentos juego:que-falta-sacar-la-basura juego:que-viene-salir-del-sitio-cuando-hay-sobrecarga juego:ordena-cargar-el-telefono juego:que-falta-cargar-el-telefono imprimible:rutina-comprobar-llaves-telefono-y-documentos imprimible:rutina-cargar-el-telefono
/assets/pictogramas/mulberry-extra/work_book.svg,Mulberry Symbols,work_book,https://github.com/mulberrysymbols/mulberry-symbols/blob/master/EN/work_book.svg,CC BY-SA 4.0,"Mulberry Symbols © Garry Paxton 2008-2017, © Steve Lee 2018-2026",funcional (en botón) o informativa (en hoja); siempre junto a su texto,"alt="""" porque el texto visible dice lo mismo",Meter los libros | Cerrar los libros | Elegir algo que hacer mientras,Put in the books | Close the books | Choose something to do while you wait,juego:que-viene-secarse juego:ordena-preparar-la-mochila juego:que-viene-preparar-la-mochila juego:que-falta-beber-agua-a-lo-largo-del-dia juego:ordena-guardar-los-materiales juego:primero-guardar-los-materiales juego:ordena-esperar juego:que-falta-esperar imprimible:rutina-guardar-los-materiales imprimible:rutina-esperar
/assets/pictogramas/mulberry-verbos/change_weather.svg,Mulberry Symbols,change_weather,https://github.com/mulberrysymbols/mulberry-symbols/blob/master/EN/change_weather.svg,CC BY-SA 4.0,"Mulberry Symbols © Garry Paxton 2008-2017, © Steve Lee 2018-2026",funcional (en botón) o informativa (en hoja); siempre junto a su texto,"alt="""" porque el texto visible dice lo mismo",Mirar el tiempo que hace | Mirar el tiempo,Check the weather,juego:ordena-elegir-la-ropa juego:que-viene-elegir-la-ropa juego:que-viene-preparar-la-ropa-del-dia-siguiente juego:ordena-ponerse-el-abrigo-y-salir juego:que-viene-ponerse-el-abrigo-y-salir juego:que-falta-pedir-una-adaptacion-o-ayuda juego:que-falta-acostarse imprimible:rutina-elegir-la-ropa imprimible:rutina-ponerse-el-abrigo-y-salir
/assets/pictogramas/mulberry-verbos/hang.svg,Mulberry Symbols,hang,https://github.com/mulberrysymbols/mulberry-symbols/blob/master/EN/hang.svg,CC BY-SA 4.0,"Mulberry Symbols © Garry Paxton 2008-2017, © Steve Lee 2018-2026",funcional (en botón) o informativa (en hoja); siempre junto a su texto,"alt="""" porque el texto visible dice lo mismo",Colgar | Colgar la toalla | Colgarla,Hang up | Hang the towel | Hang it up,juego:ordena-secarse juego:que-viene-secarse juego:ordena-tender-la-ropa juego:que-falta-tender-la-ropa imprimible:rutina-secarse imprimible:rutina-tender-la-ropa
/assets/pictogramas/mulberry-verbos/help.svg,Mulberry Symbols,help,https://github.com/mulberrysymbols/mulberry-symbols/blob/master/EN/help.svg,CC BY-SA 4.0,"Mulberry Symbols © Garry Paxton 2008-2017, © Steve Lee 2018-2026",funcional (en botón) o informativa (en hoja); siempre junto a su texto,"alt="""" porque el texto visible dice lo mismo",Pedir ayuda | Decir qué necesitas | Decidir el plan B,Ask for help | Say what you need | Decide the plan B,juego:ordena-pedir-ayuda juego:que-falta-pedir-ayuda juego:ordena-prepararse-para-un-cambio-previsto juego:que-viene-prepararse-para-un-cambio-previsto imprimible:rutina-pedir-ayuda imprimible:rutina-prepararse-para-un-cambio-previsto
/assets/pictogramas/mulberry-verbos/look.svg,Mulberry Symbols,look,https://github.com/mulberrysymbols/mulberry-symbols/blob/master/EN/look.svg,CC BY-SA 4.0,"Mulberry Symbols © Garry Paxton 2008-2017, © Steve Lee 2018-2026",funcional (en botón) o informativa (en hoja); siempre junto a su texto,"alt="""" porque el texto visible dice lo mismo",Mirar a los dos lados | Mirar qué entra en el examen | Buscar qué te piden | Revisarla una vez,Look both ways | Check what the test covers | Find what they are asking | Check it once,juego:cruzar-bien juego:estudiar-para-un-examen juego:responder-un-correo juego:ordena-cruzar-por-el-paso-de-peatones juego:que-viene-cruzar-por-el-paso-de-peatones imprimible:cruzar-la-calle imprimible:responder-un-correo imprimible:estudiar-por-partes imprimible:rutina-cruzar-por-el-paso-de-peatones
/assets/pictogramas/mulberry-verbos/put_away.svg,Mulberry Symbols,put_away,https://github.com/mulberrysymbols/mulberry-symbols/blob/master/EN/put_away.svg,CC BY-SA 4.0,"Mulberry Symbols © Garry Paxton 2008-2017, © Steve Lee 2018-2026",funcional (en botón) o informativa (en hoja); siempre junto a su texto,"alt="""" porque el texto visible dice lo mismo",Guardar | Guardarlo | Dejar las cosas | Secar y guardar | Cada cosa a su sitio | Guardarla | Coger lo que está fuera de sitio | Volver a colocar | Recoger del suelo | Guardar la regadera | Guardar lo del descanso | Guardar lo de la tarea anterior | Guardar el resto,Put away | Put it away | Put your things away | Dry and put away | Everything in its place | Pick up what is out of place | Put things back | Pick things up off the floor | Put away the break things | Put away the last task | Put the rest away,juego:que-viene-ponerse-y-quitarse-los-zapatos juego:ordena-usar-desodorante juego:primero-usar-desodorante juego:ordena-transicion-casa-escuela-o-trabajo juego:que-viene-transicion-casa-escuela-o-trabajo juego:ordena-lavar-los-platos juego:que-viene-lavar-los-platos juego:ordena-guardar-la-comida juego:que-falta-guardar-la-comida juego:ordena-recoger-una-habitacion juego:que-viene-recoger-una-habitacion juego:ordena-doblar-la-ropa juego:que-falta-doblar-la-ropa juego:ordena-guardar-los-objetos-en-su-lugar juego:primero-guardar-los-objetos-en-su-lugar juego:ordena-limpiar-una-superficie juego:que-falta-limpiar-una-superficie juego:ordena-pasar-la-aspiradora juego:que-falta-pasar-la-aspiradora juego:ordena-regar-las-plantas juego:primero-regar-las-plantas juego:ordena-transicion-descanso-trabajo juego:que-viene-transicion-descanso-trabajo juego:ordena-terminar-una-actividad juego:que-falta-terminar-una-actividad juego:ordena-cambiar-de-tarea juego:que-viene-cambiar-de-tarea juego:ordena-abrir-un-envase-dificil juego:que-falta-abrir-un-envase-dificil imprimible:rutina-usar-desodorante imprimible:rutina-transicion-casa-escuela-o-trabajo imprimible:rutina-lavar-los-platos imprimible:rutina-guardar-la-comida imprimible:rutina-recoger-una-habitacion imprimible:rutina-guardar-los-objetos-en-su-lugar imprimible:rutina-limpiar-una-superficie imprimible:rutina-pasar-la-aspiradora imprimible:rutina-regar-las-plantas imprimible:rutina-transicion-descanso-trabajo imprimible:rutina-terminar-una-actividad imprimible:rutina-cambiar-de-tarea imprimible:rutina-abrir-un-envase-dificil
/assets/pictogramas/mulberry-verbos/queue.svg,Mulberry Symbols,queue,https://github.com/mulberrysymbols/mulberry-symbols/blob/master/EN/queue.svg,CC BY-SA 4.0,"Mulberry Symbols © Garry Paxton 2008-2017, © Steve Lee 2018-2026",funcional (en botón) o informativa (en hoja); siempre junto a su texto,"alt="""" porque el texto visible dice lo mismo",La fila avanza | Ponerse en la fila | Ir a la caja,The queue moves on | Join the queue | Go to the till,juego:esperar-el-turno juego:que-viene-cortarse-las-unas juego:que-falta-doblar-la-ropa juego:ordena-esperar-el-turno juego:que-falta-esperar-el-turno juego:ordena-comprar-en-una-tienda juego:que-viene-comprar-en-una-tienda imprimible:rutina-esperar-el-turno imprimible:rutina-comprar-en-una-tienda
/assets/pictogramas/mulberry-verbos/sleep.svg,Mulberry Symbols,sleep,https://github.com/mulberrysymbols/mulberry-symbols/blob/master/EN/sleep.svg,CC BY-SA 4.0,"Mulberry Symbols © Garry Paxton 2008-2017, © Steve Lee 2018-2026",funcional (en botón) o informativa (en hoja); siempre junto a su texto,"alt="""" porque el texto visible dice lo mismo",Dormir | Apagar la luz y dormir | Por la noche | Acostarte pronto,Sleep | Turn off the light and sleep | At night | Go to bed early,juego:que-viene-manana juego:objeto-accion juego:antes-de-dormir juego:que-viene-noche juego:la-medicacion-de-hoy juego:despues-de-un-dia-dificil imprimible:noche-antes-de-dormir imprimible:volver-a-casa
/assets/pictogramas/mulberry-verbos/talk.svg,Mulberry Symbols,talk,https://github.com/mulberrysymbols/mulberry-symbols/blob/master/EN/talk.svg,CC BY-SA 4.0,"Mulberry Symbols © Garry Paxton 2008-2017, © Steve Lee 2018-2026",funcional (en botón) o informativa (en hoja); siempre junto a su texto,"alt="""" porque el texto visible dice lo mismo",Avisar en casa,Let people at home know,juego:planificar-una-quedada
/assets/pictogramas/mulberry-verbos/write.svg,Mulberry Symbols,write,https://github.com/mulberrysymbols/mulberry-symbols/blob/master/EN/write.svg,CC BY-SA 4.0,"Mulberry Symbols © Garry Paxton 2008-2017, © Steve Lee 2018-2026",funcional (en botón) o informativa (en hoja); siempre junto a su texto,"alt="""" porque el texto visible dice lo mismo",Escribir una respuesta corta | Apuntar la respuesta,Write a short reply | Write down the answer,juego:responder-un-correo juego:hacer-una-llamada imprimible:hacer-una-llamada imprimible:responder-un-correo
/assets/pictogramas/mulberry98/basket.svg,Mulberry Symbols,basket,https://github.com/mulberrysymbols/mulberry-symbols/blob/master/EN/basket.svg,CC BY-SA 4.0,"Mulberry Symbols © Garry Paxton 2008-2017, © Steve Lee 2018-2026",funcional (en botón) o informativa (en hoja); siempre junto a su texto,"alt="""" porque el texto visible dice lo mismo",Coger una cesta | Guardar la compra,Take a basket | Pack your shopping,juego:ordena-comprar-en-una-tienda juego:que-viene-comprar-en-una-tienda imprimible:rutina-comprar-en-una-tienda
/assets/pictogramas/mulberry98/begin_start.svg,Mulberry Symbols,begin_start,https://github.com/mulberrysymbols/mulberry-symbols/blob/master/EN/begin_start.svg,CC BY-SA 4.0,"Mulberry Symbols © Garry Paxton 2008-2017, © Steve Lee 2018-2026",funcional (en botón) o informativa (en hoja); siempre junto a su texto,"alt="""" porque el texto visible dice lo mismo",Poner en marcha | Empezar,Switch it on | Start | Start it,juego:ordena-la-lavadora juego:ordena-transicion-casa-escuela-o-trabajo juego:que-viene-transicion-casa-escuela-o-trabajo juego:ordena-poner-la-lavadora juego:que-viene-poner-la-lavadora juego:ordena-empezar-una-tarea juego:que-viene-empezar-una-tarea juego:ordena-cambiar-de-tarea juego:que-viene-cambiar-de-tarea imprimible:poner-la-lavadora imprimible:rutina-transicion-casa-escuela-o-trabajo imprimible:rutina-cambiar-de-tarea
/assets/pictogramas/mulberry98/bin_bag.svg,Mulberry Symbols,bin_bag,https://github.com/mulberrysymbols/mulberry-symbols/blob/master/EN/bin_bag.svg,CC BY-SA 4.0,"Mulberry Symbols © Garry Paxton 2008-2017, © Steve Lee 2018-2026",funcional (en botón) o informativa (en hoja); siempre junto a su texto,"alt="""" porque el texto visible dice lo mismo",Cerrar la bolsa | Poner una bolsa nueva,Tie the bag | Put in a new bag,juego:que-viene-abrochar-botones juego:que-viene-preparar-un-desayuno-sencillo juego:ordena-sacar-la-basura juego:que-falta-sacar-la-basura imprimible:rutina-sacar-la-basura
/assets/pictogramas/mulberry98/body_outline.svg,Mulberry Symbols,body_outline,https://github.com/mulberrysymbols/mulberry-symbols/blob/master/EN/body_outline.svg,CC BY-SA 4.0,"Mulberry Symbols © Garry Paxton 2008-2017, © Steve Lee 2018-2026",funcional (en botón) o informativa (en hoja); siempre junto a su texto,"alt="""" porque el texto visible dice lo mismo",Notar la señal del cuerpo,Notice the body signal,juego:que-viene-preparar-un-desayuno-sencillo juego:que-falta-cuidar-a-un-animal-de-compania juego:que-viene-empezar-una-tarea juego:ordena-salir-del-sitio-cuando-hay-sobrecarga juego:que-viene-salir-del-sitio-cuando-hay-sobrecarga juego:que-falta-seguir-una-cuenta-atras-visual juego:ordena-descansar-antes-de-agotarte juego:que-viene-descansar-antes-de-agotarte imprimible:rutina-salir-del-sitio-cuando-hay-sobrecarga imprimible:rutina-descansar-antes-de-agotarte
/assets/pictogramas/mulberry98/bread.svg,Mulberry Symbols,bread,https://github.com/mulberrysymbols/mulberry-symbols/blob/master/EN/bread.svg,CC BY-SA 4.0,"Mulberry Symbols © Garry Paxton 2008-2017, © Steve Lee 2018-2026",funcional (en botón) o informativa (en hoja); siempre junto a su texto,"alt="""" porque el texto visible dice lo mismo",Coger el pan,Take the bread,juego:que-viene-lavarse-el-pelo juego:ordena-preparar-un-bocadillo juego:que-viene-preparar-un-bocadillo juego:que-falta-apagar-pantallas-y-luces
/assets/pictogramas/mulberry98/break_time_1.svg,Mulberry Symbols,break_time_1,https://github.com/mulberrysymbols/mulberry-symbols/blob/master/EN/break_time_1.svg,CC BY-SA 4.0,"Mulberry Symbols © Garry Paxton 2008-2017, © Steve Lee 2018-2026",funcional (en botón) o informativa (en hoja); siempre junto a su texto,"alt="""" porque el texto visible dice lo mismo",Descanso | Meter un descanso,Break | Put a break in,juego:ordena-seguir-un-horario-del-dia juego:que-viene-seguir-un-horario-del-dia juego:ordena-organizar-la-secuencia-de-la-tarde juego:que-falta-organizar-la-secuencia-de-la-tarde imprimible:rutina-seguir-un-horario-del-dia imprimible:rutina-organizar-la-secuencia-de-la-tarde
/assets/pictogramas/mulberry98/button.svg,Mulberry Symbols,button,https://github.com/mulberrysymbols/mulberry-symbols/blob/master/EN/button.svg,CC BY-SA 4.0,"Mulberry Symbols © Garry Paxton 2008-2017, © Steve Lee 2018-2026",funcional (en botón) o informativa (en hoja); siempre junto a su texto,"alt="""" porque el texto visible dice lo mismo",Mirar el botón y el ojal | Pasar el botón | Repetir con el siguiente,Look at the button and the hole | Push the button through | Repeat with the next one,juego:ordena-abrochar-botones juego:que-viene-abrochar-botones juego:que-falta-entregar-una-tarea juego:que-falta-dejar-preparadas-las-cosas-del-dia-siguiente
/assets/pictogramas/mulberry98/cash_point.svg,Mulberry Symbols,cash_point,https://github.com/mulberrysymbols/mulberry-symbols/blob/master/EN/cash_point.svg,CC BY-SA 4.0,"Mulberry Symbols © Garry Paxton 2008-2017, © Steve Lee 2018-2026",funcional (en botón) o informativa (en hoja); siempre junto a su texto,"alt="""" porque el texto visible dice lo mismo",Separar lo fijo | Ir a la máquina,Set aside the fixed costs | Go to the machine,juego:ordena-manejar-el-dinero-de-la-semana juego:que-viene-manejar-el-dinero-de-la-semana juego:ordena-recargar-el-abono-de-transporte juego:que-falta-recargar-el-abono-de-transporte imprimible:rutina-manejar-el-dinero-de-la-semana imprimible:rutina-recargar-el-abono-de-transporte
/assets/pictogramas/mulberry98/cereal.svg,Mulberry Symbols,cereal,https://github.com/mulberrysymbols/mulberry-symbols/blob/master/EN/cereal.svg,CC BY-SA 4.0,"Mulberry Symbols © Garry Paxton 2008-2017, © Steve Lee 2018-2026",funcional (en botón) o informativa (en hoja); siempre junto a su texto,"alt="""" porque el texto visible dice lo mismo",Echar los cereales | Cereales | Sacar lo que necesitas,Pour the cereal | Cereal | Get what you need,juego:cual-es-el-primero juego:intruso-compra juego:que-viene-ducharse juego:ordena-preparar-un-desayuno-sencillo juego:que-viene-preparar-un-desayuno-sencillo juego:que-falta-dejar-preparadas-las-cosas-del-dia-siguiente imprimible:desayuno-sencillo imprimible:rutina-preparar-un-desayuno-sencillo
/assets/pictogramas/mulberry98/cereal_bowl.svg,Mulberry Symbols,cereal_bowl,https://github.com/mulberrysymbols/mulberry-symbols/blob/master/EN/cereal_bowl.svg,CC BY-SA 4.0,"Mulberry Symbols © Garry Paxton 2008-2017, © Steve Lee 2018-2026",funcional (en botón) o informativa (en hoja); siempre junto a su texto,"alt="""" porque el texto visible dice lo mismo",Sacar el cuenco | Poner el cereal en el bol,Get out the bowl | Put cereal in the bowl,juego:cual-es-el-primero juego:ordena-preparar-un-desayuno-sencillo juego:que-viene-preparar-un-desayuno-sencillo imprimible:desayuno-sencillo imprimible:rutina-preparar-un-desayuno-sencillo
/assets/pictogramas/mulberry98/chair.svg,Mulberry Symbols,chair,https://github.com/mulberrysymbols/mulberry-symbols/blob/master/EN/chair.svg,CC BY-SA 4.0,"Mulberry Symbols © Garry Paxton 2008-2017, © Steve Lee 2018-2026",funcional (en botón) o informativa (en hoja); siempre junto a su texto,"alt="""" porque el texto visible dice lo mismo",Ponerla en una silla,Put it on a chair,juego:ordena-preparar-la-ropa-del-dia-siguiente juego:que-viene-preparar-la-ropa-del-dia-siguiente imprimible:rutina-preparar-la-ropa-del-dia-siguiente
/assets/pictogramas/mulberry98/clean_room.svg,Mulberry Symbols,clean_room,https://github.com/mulberrysymbols/mulberry-symbols/blob/master/EN/clean_room.svg,CC BY-SA 4.0,"Mulberry Symbols © Garry Paxton 2008-2017, © Steve Lee 2018-2026",funcional (en botón) o informativa (en hoja); siempre junto a su texto,"alt="""" porque el texto visible dice lo mismo",Elegir una zona | Mirar el resultado,Choose one area | Look at the result,juego:que-viene-desayunar juego:ordena-recoger-una-habitacion juego:que-viene-recoger-una-habitacion juego:que-falta-usar-una-lista-de-la-compra imprimible:rutina-recoger-una-habitacion
/assets/pictogramas/mulberry98/clean_window_to.svg,Mulberry Symbols,clean_window_to,https://github.com/mulberrysymbols/mulberry-symbols/blob/master/EN/clean_window_to.svg,CC BY-SA 4.0,"Mulberry Symbols © Garry Paxton 2008-2017, © Steve Lee 2018-2026",funcional (en botón) o informativa (en hoja); siempre junto a su texto,"alt="""" porque el texto visible dice lo mismo",Limpiar,Wipe it,juego:ordena-limpiar-una-superficie juego:que-falta-limpiar-una-superficie imprimible:rutina-limpiar-una-superficie
/assets/pictogramas/mulberry98/cleaner_spray.svg,Mulberry Symbols,cleaner_spray,https://github.com/mulberrysymbols/mulberry-symbols/blob/master/EN/cleaner_spray.svg,CC BY-SA 4.0,"Mulberry Symbols © Garry Paxton 2008-2017, © Steve Lee 2018-2026",funcional (en botón) o informativa (en hoja); siempre junto a su texto,"alt="""" porque el texto visible dice lo mismo",Limpiar el baño | Coger el paño,Clean the bathroom | Take the cloth,juego:dividir-una-tarea-grande juego:ordena-limpiar-una-superficie juego:que-falta-limpiar-una-superficie imprimible:limpiar-la-casa imprimible:rutina-limpiar-una-superficie
/assets/pictogramas/mulberry98/clothes_hanger.svg,Mulberry Symbols,clothes_hanger,https://github.com/mulberrysymbols/mulberry-symbols/blob/master/EN/clothes_hanger.svg,CC BY-SA 4.0,"Mulberry Symbols © Garry Paxton 2008-2017, © Steve Lee 2018-2026",funcional (en botón) o informativa (en hoja); siempre junto a su texto,"alt="""" porque el texto visible dice lo mismo",Dejar la ropa preparada | Lo limpio al armario,Lay out your clothes | Clean clothes in the wardrobe,juego:preparar-la-noche-anterior juego:ordena-quitarse-la-ropa-y-dejarla-en-su-sitio juego:que-falta-quitarse-la-ropa-y-dejarla-en-su-sitio imprimible:la-noche-anterior imprimible:rutina-quitarse-la-ropa-y-dejarla-en-su-sitio
/assets/pictogramas/mulberry98/clothes_neat.svg,Mulberry Symbols,clothes_neat,https://github.com/mulberrysymbols/mulberry-symbols/blob/master/EN/clothes_neat.svg,CC BY-SA 4.0,"Mulberry Symbols © Garry Paxton 2008-2017, © Steve Lee 2018-2026",funcional (en botón) o informativa (en hoja); siempre junto a su texto,"alt="""" porque el texto visible dice lo mismo",Comprobar que está recto | Hacer un montón,Check it is straight | Make a pile,juego:ordena-abrochar-botones juego:que-viene-abrochar-botones juego:ordena-doblar-la-ropa juego:que-falta-doblar-la-ropa
/assets/pictogramas/mulberry98/clothes_peg.svg,Mulberry Symbols,clothes_peg,https://github.com/mulberrysymbols/mulberry-symbols/blob/master/EN/clothes_peg.svg,CC BY-SA 4.0,"Mulberry Symbols © Garry Paxton 2008-2017, © Steve Lee 2018-2026",funcional (en botón) o informativa (en hoja); siempre junto a su texto,"alt="""" porque el texto visible dice lo mismo",Poner las pinzas,Use the pegs,juego:ordena-tender-la-ropa juego:que-falta-tender-la-ropa imprimible:rutina-tender-la-ropa
/assets/pictogramas/mulberry98/cupboard.svg,Mulberry Symbols,cupboard,https://github.com/mulberrysymbols/mulberry-symbols/blob/master/EN/cupboard.svg,CC BY-SA 4.0,"Mulberry Symbols © Garry Paxton 2008-2017, © Steve Lee 2018-2026",funcional (en botón) o informativa (en hoja); siempre junto a su texto,"alt="""" porque el texto visible dice lo mismo",Armario | Guardar en el armario | Mirar dónde va,Wardrobe | Put it in the wardrobe | Look where it goes,juego:recoge-la-habitacion juego:empareja-sitio-objeto juego:doblar-la-ropa juego:ordena-guardar-los-objetos-en-su-lugar juego:primero-guardar-los-objetos-en-su-lugar imprimible:doblar-la-ropa imprimible:rutina-guardar-los-objetos-en-su-lugar
/assets/pictogramas/mulberry98/curtains.svg,Mulberry Symbols,curtains,https://github.com/mulberrysymbols/mulberry-symbols/blob/master/EN/curtains.svg,CC BY-SA 4.0,"Mulberry Symbols © Garry Paxton 2008-2017, © Steve Lee 2018-2026",funcional (en botón) o informativa (en hoja); siempre junto a su texto,"alt="""" porque el texto visible dice lo mismo",Abrir la persiana | Cerrar la cortina,Open the curtains | Close the curtains,juego:ordena-levantarse juego:que-viene-levantarse juego:ordena-preparar-el-ambiente-de-descanso juego:que-viene-preparar-el-ambiente-de-descanso imprimible:rutina-levantarse imprimible:rutina-preparar-el-ambiente-de-descanso
/assets/pictogramas/mulberry98/dentist_1a.svg,Mulberry Symbols,dentist_1a,https://github.com/mulberrysymbols/mulberry-symbols/blob/master/EN/dentist_1a.svg,CC BY-SA 4.0,"Mulberry Symbols © Garry Paxton 2008-2017, © Steve Lee 2018-2026",funcional (en botón) o informativa (en hoja); siempre junto a su texto,"alt="""" porque el texto visible dice lo mismo",Ver las fotos del sitio,Look at photos of the place,juego:ordena-prepararse-para-el-dentista juego:que-viene-prepararse-para-el-dentista imprimible:rutina-prepararse-para-el-dentista
/assets/pictogramas/mulberry98/deodorant.svg,Mulberry Symbols,deodorant,https://github.com/mulberrysymbols/mulberry-symbols/blob/master/EN/deodorant.svg,CC BY-SA 4.0,"Mulberry Symbols © Garry Paxton 2008-2017, © Steve Lee 2018-2026",funcional (en botón) o informativa (en hoja); siempre junto a su texto,"alt="""" porque el texto visible dice lo mismo",Ponerte desodorante | Coger el desodorante | Ponerlo,Put on deodorant | Take the deodorant | Put it on,juego:que-viene-ponerse-y-quitarse-los-zapatos juego:ordena-usar-desodorante juego:primero-usar-desodorante juego:que-falta-terminar-una-actividad imprimible:rutina-usar-desodorante
/assets/pictogramas/mulberry98/desk.svg,Mulberry Symbols,desk,https://github.com/mulberrysymbols/mulberry-symbols/blob/master/EN/desk.svg,CC BY-SA 4.0,"Mulberry Symbols © Garry Paxton 2008-2017, © Steve Lee 2018-2026",funcional (en botón) o informativa (en hoja); siempre junto a su texto,"alt="""" porque el texto visible dice lo mismo",Ordenar la mesa | Quitar lo que no hace falta | Dejar la mesa despejada,Tidy the desk | Clear what you do not need | Leave the desk clear,juego:volver-del-descanso juego:que-viene-lavarse-los-dientes juego:que-viene-usar-el-microondas-con-seguridad juego:ordena-preparar-el-escritorio juego:que-falta-preparar-el-escritorio juego:ordena-guardar-los-materiales juego:primero-guardar-los-materiales imprimible:empezar-una-tarea imprimible:rutina-preparar-el-escritorio imprimible:rutina-guardar-los-materiales
/assets/pictogramas/mulberry98/dry_hands_to.svg,Mulberry Symbols,dry_hands_to,https://github.com/mulberrysymbols/mulberry-symbols/blob/master/EN/dry_hands_to.svg,CC BY-SA 4.0,"Mulberry Symbols © Garry Paxton 2008-2017, © Steve Lee 2018-2026",funcional (en botón) o informativa (en hoja); siempre junto a su texto,"alt="""" porque el texto visible dice lo mismo",Secarse las manos | Secar las manos,Dry your hands,juego:lavarse-las-manos juego:ordena-lavarse-las-manos juego:que-viene-lavarse-las-manos imprimible:lavarse-las-manos imprimible:ir-al-bano
/assets/pictogramas/mulberry98/envelope.svg,Mulberry Symbols,envelope,https://github.com/mulberrysymbols/mulberry-symbols/blob/master/EN/envelope.svg,CC BY-SA 4.0,"Mulberry Symbols © Garry Paxton 2008-2017, © Steve Lee 2018-2026",funcional (en botón) o informativa (en hoja); siempre junto a su texto,"alt="""" porque el texto visible dice lo mismo",Un sobre viejo | Enviarla | Responder un correo | Factura de la luz | Carta del banco | Recibo por pagar | Llevarla o enviarla,An old envelope | Send it | Answer an email | Electricity bill | Letter from the bank | Bill to pay | Take it or send it,juego:recoge-la-habitacion juego:separa-para-reciclar juego:responder-un-correo juego:demasiadas-tareas juego:ordenar-papeles juego:ordena-entregar-una-tarea juego:que-falta-entregar-una-tarea imprimible:responder-un-correo imprimible:rutina-entregar-una-tarea
/assets/pictogramas/mulberry98/food.svg,Mulberry Symbols,food,https://github.com/mulberrysymbols/mulberry-symbols/blob/master/EN/food.svg,CC BY-SA 4.0,"Mulberry Symbols © Garry Paxton 2008-2017, © Steve Lee 2018-2026",funcional (en botón) o informativa (en hoja); siempre junto a su texto,"alt="""" porque el texto visible dice lo mismo",Sacar los ingredientes | Separar lo de la comida,Get the ingredients | Set aside food money,juego:ordena-seguir-una-receta-visual-sencilla juego:que-viene-seguir-una-receta-visual-sencilla juego:ordena-manejar-el-dinero-de-la-semana juego:que-viene-manejar-el-dinero-de-la-semana imprimible:rutina-seguir-una-receta-visual-sencilla imprimible:rutina-manejar-el-dinero-de-la-semana
/assets/pictogramas/mulberry98/fork.svg,Mulberry Symbols,fork,https://github.com/mulberrysymbols/mulberry-symbols/blob/master/EN/fork.svg,CC BY-SA 4.0,"Mulberry Symbols © Garry Paxton 2008-2017, © Steve Lee 2018-2026",funcional (en botón) o informativa (en hoja); siempre junto a su texto,"alt="""" porque el texto visible dice lo mismo",Tenedor,Fork,juego:intruso-ducha juego:pon-la-mesa juego:memoria-de-la-cocina juego:busca-lo-del-bano juego:ordena-poner-la-mesa juego:que-viene-poner-la-mesa imprimible:rutina-poner-la-mesa
/assets/pictogramas/mulberry98/fridge.svg,Mulberry Symbols,fridge,https://github.com/mulberrysymbols/mulberry-symbols/blob/master/EN/fridge.svg,CC BY-SA 4.0,"Mulberry Symbols © Garry Paxton 2008-2017, © Steve Lee 2018-2026",funcional (en botón) o informativa (en hoja); siempre junto a su texto,"alt="""" porque el texto visible dice lo mismo",Nevera | Abrir la nevera | Cerrar la nevera | Mirar lo que falta,Fridge | Open the fridge | Close the fridge | See what you need,juego:donde-pasa-esto juego:empareja-sitio-objeto juego:memoria-de-la-cocina juego:ordena-guardar-la-comida juego:que-falta-guardar-la-comida juego:que-falta-esperar juego:ordena-usar-una-lista-de-la-compra juego:que-falta-usar-una-lista-de-la-compra imprimible:rutina-guardar-la-comida imprimible:rutina-usar-una-lista-de-la-compra
/assets/pictogramas/mulberry98/fruit.svg,Mulberry Symbols,fruit,https://github.com/mulberrysymbols/mulberry-symbols/blob/master/EN/fruit.svg,CC BY-SA 4.0,"Mulberry Symbols © Garry Paxton 2008-2017, © Steve Lee 2018-2026",funcional (en botón) o informativa (en hoja); siempre junto a su texto,"alt="""" porque el texto visible dice lo mismo",Meter la fruta,Put in the fruit,juego:ordena-preparar-la-comida-para-llevar juego:que-viene-preparar-la-comida-para-llevar imprimible:rutina-preparar-la-comida-para-llevar
/assets/pictogramas/mulberry98/hairbrush.svg,Mulberry Symbols,hairbrush,https://github.com/mulberrysymbols/mulberry-symbols/blob/master/EN/hairbrush.svg,CC BY-SA 4.0,"Mulberry Symbols © Garry Paxton 2008-2017, © Steve Lee 2018-2026",funcional (en botón) o informativa (en hoja); siempre junto a su texto,"alt="""" porque el texto visible dice lo mismo",Cepillo del pelo | Coger el cepillo del pelo,Hairbrush | Take the hairbrush,juego:objeto-accion juego:pon-la-mesa juego:busca-lo-del-bano juego:memoria-de-la-higiene juego:ordena-peinarse juego:que-falta-peinarse juego:que-viene-contestar-a-la-puerta-o-al-telefono imprimible:rutina-peinarse
/assets/pictogramas/mulberry98/hello.svg,Mulberry Symbols,hello,https://github.com/mulberrysymbols/mulberry-symbols/blob/master/EN/hello.svg,CC BY-SA 4.0,"Mulberry Symbols © Garry Paxton 2008-2017, © Steve Lee 2018-2026",funcional (en botón) o informativa (en hoja); siempre junto a su texto,"alt="""" porque el texto visible dice lo mismo",Saludar,Say hello,juego:ordena-contestar-a-la-puerta-o-al-telefono juego:que-viene-contestar-a-la-puerta-o-al-telefono imprimible:rutina-contestar-a-la-puerta-o-al-telefono
/assets/pictogramas/mulberry98/hot.svg,Mulberry Symbols,hot,https://github.com/mulberrysymbols/mulberry-symbols/blob/master/EN/hot.svg,CC BY-SA 4.0,"Mulberry Symbols © Garry Paxton 2008-2017, © Steve Lee 2018-2026",funcional (en botón) o informativa (en hoja); siempre junto a su texto,"alt="""" porque el texto visible dice lo mismo",Hoy hace calor | Sacarlo con cuidado: quema,It is hot today | Take it out carefully: it is hot,juego:vistete-para-el-tiempo juego:ordena-usar-el-microondas-con-seguridad juego:que-viene-usar-el-microondas-con-seguridad imprimible:rutina-usar-el-microondas-con-seguridad
/assets/pictogramas/mulberry98/jumper.svg,Mulberry Symbols,jumper,https://github.com/mulberrysymbols/mulberry-symbols/blob/master/EN/jumper.svg,CC BY-SA 4.0,"Mulberry Symbols © Garry Paxton 2008-2017, © Steve Lee 2018-2026",funcional (en botón) o informativa (en hoja); siempre junto a su texto,"alt="""" porque el texto visible dice lo mismo",Elegir la parte de arriba | Parte de arriba,Choose the top | Top,juego:ordena-elegir-la-ropa juego:que-viene-elegir-la-ropa juego:ordena-vestirse-por-orden juego:que-viene-vestirse-por-orden imprimible:rutina-elegir-la-ropa imprimible:rutina-vestirse-por-orden
/assets/pictogramas/mulberry98/knife.svg,Mulberry Symbols,knife,https://github.com/mulberrysymbols/mulberry-symbols/blob/master/EN/knife.svg,CC BY-SA 4.0,"Mulberry Symbols © Garry Paxton 2008-2017, © Steve Lee 2018-2026",funcional (en botón) o informativa (en hoja); siempre junto a su texto,"alt="""" porque el texto visible dice lo mismo",Cuchillo | Abrir el pan con cuidado | Abrirlo,Knife | Carefully open the bread | Open it,juego:pon-la-mesa juego:ordena-el-bocadillo juego:ordena-preparar-un-bocadillo juego:que-viene-preparar-un-bocadillo juego:ordena-poner-la-mesa juego:que-viene-poner-la-mesa imprimible:preparar-un-bocadillo imprimible:rutina-poner-la-mesa
/assets/pictogramas/mulberry98/lamp.svg,Mulberry Symbols,lamp,https://github.com/mulberrysymbols/mulberry-symbols/blob/master/EN/lamp.svg,CC BY-SA 4.0,"Mulberry Symbols © Garry Paxton 2008-2017, © Steve Lee 2018-2026",funcional (en botón) o informativa (en hoja); siempre junto a su texto,"alt="""" porque el texto visible dice lo mismo",Dejar solo una luz baja | Lámpara | Bajar la luz | Apagar la luz,Leave just a low light | Lamp | Dim the light | Turn off the light | Lower the light,juego:prepara-tu-mochila juego:donde-pasa-esto juego:antes-de-dormir juego:ordena-apagar-pantallas-y-luces juego:que-falta-apagar-pantallas-y-luces juego:ordena-acostarse juego:que-falta-acostarse juego:ordena-preparar-el-ambiente-de-descanso juego:que-viene-preparar-el-ambiente-de-descanso imprimible:noche-antes-de-dormir imprimible:rutina-apagar-pantallas-y-luces imprimible:rutina-acostarse imprimible:rutina-preparar-el-ambiente-de-descanso
/assets/pictogramas/mulberry98/laundry_basket.svg,Mulberry Symbols,laundry_basket,https://github.com/mulberrysymbols/mulberry-symbols/blob/master/EN/laundry_basket.svg,CC BY-SA 4.0,"Mulberry Symbols © Garry Paxton 2008-2017, © Steve Lee 2018-2026",funcional (en botón) o informativa (en hoja); siempre junto a su texto,"alt="""" porque el texto visible dice lo mismo",Lo sucio al cesto | Ropa al cesto | Cada montón en su sitio | Sacar la ropa,Dirty clothes in the basket | Clothes in the basket | Each pile in its place | Take out the washing,juego:ordena-quitarse-la-ropa-y-dejarla-en-su-sitio juego:que-falta-quitarse-la-ropa-y-dejarla-en-su-sitio juego:que-viene-ponerse-el-abrigo-y-salir juego:ordena-recoger-una-habitacion juego:que-viene-recoger-una-habitacion juego:ordena-clasificar-la-ropa juego:que-falta-clasificar-la-ropa juego:ordena-tender-la-ropa juego:que-falta-tender-la-ropa juego:que-falta-recargar-el-abono-de-transporte imprimible:rutina-quitarse-la-ropa-y-dejarla-en-su-sitio imprimible:rutina-recoger-una-habitacion imprimible:rutina-clasificar-la-ropa imprimible:rutina-tender-la-ropa
/assets/pictogramas/mulberry98/lunch_box.svg,Mulberry Symbols,lunch_box,https://github.com/mulberrysymbols/mulberry-symbols/blob/master/EN/lunch_box.svg,CC BY-SA 4.0,"Mulberry Symbols © Garry Paxton 2008-2017, © Steve Lee 2018-2026",funcional (en botón) o informativa (en hoja); siempre junto a su texto,"alt="""" porque el texto visible dice lo mismo",Guardarlo en la fiambrera | Comida preparada | Meter la comida | Guardarlo o comerlo | Coger la fiambrera | Cerrar,Put it in the lunch box | Lunch ready | Put in your lunch | Wrap it or eat it | Take the lunch box | Close it,juego:ordena-el-bocadillo juego:preparar-la-noche-anterior juego:que-viene-cortarse-las-unas juego:ordena-preparar-la-mochila juego:que-viene-preparar-la-mochila juego:ordena-preparar-un-bocadillo juego:que-viene-preparar-un-bocadillo juego:ordena-preparar-la-comida-para-llevar juego:que-viene-preparar-la-comida-para-llevar juego:que-viene-manejar-el-dinero-de-la-semana imprimible:la-noche-anterior imprimible:preparar-un-bocadillo imprimible:rutina-preparar-la-comida-para-llevar
/assets/pictogramas/mulberry98/microwave.svg,Mulberry Symbols,microwave,https://github.com/mulberrysymbols/mulberry-symbols/blob/master/EN/microwave.svg,CC BY-SA 4.0,"Mulberry Symbols © Garry Paxton 2008-2017, © Steve Lee 2018-2026",funcional (en botón) o informativa (en hoja); siempre junto a su texto,"alt="""" porque el texto visible dice lo mismo",Microondas | Meterlo en el microondas,Microwave | Put it in the microwave,juego:donde-pasa-esto juego:mochila-del-finde juego:memoria-de-la-cocina juego:ordena-usar-el-microondas-con-seguridad juego:que-viene-usar-el-microondas-con-seguridad imprimible:rutina-usar-el-microondas-con-seguridad
/assets/pictogramas/mulberry98/milk.svg,Mulberry Symbols,milk,https://github.com/mulberrysymbols/mulberry-symbols/blob/master/EN/milk.svg,CC BY-SA 4.0,"Mulberry Symbols © Garry Paxton 2008-2017, © Steve Lee 2018-2026",funcional (en botón) o informativa (en hoja); siempre junto a su texto,"alt="""" porque el texto visible dice lo mismo",Echar la leche | Añadir la leche,Pour the milk | Add the milk,juego:cual-es-el-primero juego:ordena-preparar-un-desayuno-sencillo juego:que-viene-preparar-un-desayuno-sencillo imprimible:desayuno-sencillo imprimible:rutina-preparar-un-desayuno-sencillo
/assets/pictogramas/mulberry98/mirror.svg,Mulberry Symbols,mirror,https://github.com/mulberrysymbols/mulberry-symbols/blob/master/EN/mirror.svg,CC BY-SA 4.0,"Mulberry Symbols © Garry Paxton 2008-2017, © Steve Lee 2018-2026",funcional (en botón) o informativa (en hoja); siempre junto a su texto,"alt="""" porque el texto visible dice lo mismo",Espejo | Mirarse,Mirror | Look in the mirror,juego:ordena-peinarse juego:que-falta-peinarse imprimible:rutina-peinarse
/assets/pictogramas/mulberry98/morning.svg,Mulberry Symbols,morning,https://github.com/mulberrysymbols/mulberry-symbols/blob/master/EN/morning.svg,CC BY-SA 4.0,"Mulberry Symbols © Garry Paxton 2008-2017, © Steve Lee 2018-2026",funcional (en botón) o informativa (en hoja); siempre junto a su texto,"alt="""" porque el texto visible dice lo mismo",Cogerlo por la mañana,Take it in the morning,juego:ordena-cargar-el-telefono juego:que-falta-cargar-el-telefono imprimible:rutina-cargar-el-telefono
/assets/pictogramas/mulberry98/mouthwash.svg,Mulberry Symbols,mouthwash,https://github.com/mulberrysymbols/mulberry-symbols/blob/master/EN/mouthwash.svg,CC BY-SA 4.0,"Mulberry Symbols © Garry Paxton 2008-2017, © Steve Lee 2018-2026",funcional (en botón) o informativa (en hoja); siempre junto a su texto,"alt="""" porque el texto visible dice lo mismo",Enjuagar,Rinse,juego:ordena-lavarse-los-dientes juego:que-viene-lavarse-los-dientes
/assets/pictogramas/mulberry98/nail_clippers.svg,Mulberry Symbols,nail_clippers,https://github.com/mulberrysymbols/mulberry-symbols/blob/master/EN/nail_clippers.svg,CC BY-SA 4.0,"Mulberry Symbols © Garry Paxton 2008-2017, © Steve Lee 2018-2026",funcional (en botón) o informativa (en hoja); siempre junto a su texto,"alt="""" porque el texto visible dice lo mismo",Coger el cortaúñas | Cortar una mano | Cortar la otra mano,Take the nail clippers | Cut one hand | Cut the other hand,juego:que-viene-atarse-los-cordones juego:ordena-cortarse-las-unas juego:que-viene-cortarse-las-unas juego:que-falta-prepararse-para-salir
/assets/pictogramas/mulberry98/nail_file.svg,Mulberry Symbols,nail_file,https://github.com/mulberrysymbols/mulberry-symbols/blob/master/EN/nail_file.svg,CC BY-SA 4.0,"Mulberry Symbols © Garry Paxton 2008-2017, © Steve Lee 2018-2026",funcional (en botón) o informativa (en hoja); siempre junto a su texto,"alt="""" porque el texto visible dice lo mismo",Limar,File,juego:ordena-cortarse-las-unas juego:que-viene-cortarse-las-unas
/assets/pictogramas/mulberry98/now.svg,Mulberry Symbols,now,https://github.com/mulberrysymbols/mulberry-symbols/blob/master/EN/now.svg,CC BY-SA 4.0,"Mulberry Symbols © Garry Paxton 2008-2017, © Steve Lee 2018-2026",funcional (en botón) o informativa (en hoja); siempre junto a su texto,"alt="""" porque el texto visible dice lo mismo",Ahora | Ya toca,Now | Now it is time,juego:demasiadas-tareas juego:ordena-esperar juego:que-falta-esperar imprimible:rutina-esperar
/assets/pictogramas/mulberry98/open.svg,Mulberry Symbols,open,https://github.com/mulberrysymbols/mulberry-symbols/blob/master/EN/open.svg,CC BY-SA 4.0,"Mulberry Symbols © Garry Paxton 2008-2017, © Steve Lee 2018-2026",funcional (en botón) o informativa (en hoja); siempre junto a su texto,"alt="""" porque el texto visible dice lo mismo",Mirar por dónde se abre | Abrir,Look for the opening | Open it,juego:que-falta-limpiar-una-superficie juego:que-falta-terminar-una-actividad juego:ordena-abrir-un-envase-dificil juego:que-falta-abrir-un-envase-dificil imprimible:rutina-abrir-un-envase-dificil
/assets/pictogramas/mulberry98/pants.svg,Mulberry Symbols,pants,https://github.com/mulberrysymbols/mulberry-symbols/blob/master/EN/pants.svg,CC BY-SA 4.0,"Mulberry Symbols © Garry Paxton 2008-2017, © Steve Lee 2018-2026",funcional (en botón) o informativa (en hoja); siempre junto a su texto,"alt="""" porque el texto visible dice lo mismo",Ropa interior,Underwear,juego:ordena-vestirse-por-orden juego:que-viene-vestirse-por-orden juego:que-viene-seguir-un-horario-del-dia juego:que-viene-preparar-el-ambiente-de-descanso imprimible:rutina-vestirse-por-orden
/assets/pictogramas/mulberry98/pencil_case.svg,Mulberry Symbols,pencil_case,https://github.com/mulberrysymbols/mulberry-symbols/blob/master/EN/pencil_case.svg,CC BY-SA 4.0,"Mulberry Symbols © Garry Paxton 2008-2017, © Steve Lee 2018-2026",funcional (en botón) o informativa (en hoja); siempre junto a su texto,"alt="""" porque el texto visible dice lo mismo",Estuche | Sacar el material | Meter el estuche | Poner el material | Guardar el estuche,Pencil case | Get your things out | Put in the pencil case | Put out your materials | Put away the pencil case,juego:prepara-tu-mochila juego:recoge-la-habitacion juego:intruso-escritorio juego:cambiar-de-aula juego:ordena-preparar-la-mochila juego:que-viene-preparar-la-mochila juego:ordena-preparar-el-escritorio juego:que-falta-preparar-el-escritorio juego:ordena-guardar-los-materiales juego:primero-guardar-los-materiales imprimible:preparar-la-mochila imprimible:rutina-preparar-el-escritorio imprimible:rutina-guardar-los-materiales
/assets/pictogramas/mulberry98/plate.svg,Mulberry Symbols,plate,https://github.com/mulberrysymbols/mulberry-symbols/blob/master/EN/plate.svg,CC BY-SA 4.0,"Mulberry Symbols © Garry Paxton 2008-2017, © Steve Lee 2018-2026",funcional (en botón) o informativa (en hoja); siempre junto a su texto,"alt="""" porque el texto visible dice lo mismo",Plato | Servir en el plato | Llevar los platos | Tapar la comida | Poner la comida en un plato,Plate | Serve it on the plate | Take the plates | Cover the food | Put the food on a plate,juego:donde-pasa-esto juego:pon-la-mesa juego:empareja-sitio-objeto juego:memoria-de-la-cocina juego:que-viene-secarse juego:que-falta-peinarse juego:que-viene-ir-al-bano juego:que-viene-cuidado-menstrual juego:ordena-poner-la-mesa juego:que-viene-poner-la-mesa juego:ordena-recoger-la-mesa juego:que-falta-recoger-la-mesa juego:ordena-guardar-la-comida juego:que-falta-guardar-la-comida juego:ordena-usar-el-microondas-con-seguridad juego:que-viene-usar-el-microondas-con-seguridad juego:que-falta-acostarse juego:que-viene-preparar-el-ambiente-de-descanso juego:que-falta-tomar-la-medicacion juego:que-viene-prepararse-para-el-dentista imprimible:cocinar-una-receta imprimible:rutina-poner-la-mesa imprimible:rutina-recoger-la-mesa imprimible:rutina-guardar-la-comida imprimible:rutina-usar-el-microondas-con-seguridad
/assets/pictogramas/mulberry98/plug_2.svg,Mulberry Symbols,plug_2,https://github.com/mulberrysymbols/mulberry-symbols/blob/master/EN/plug_2.svg,CC BY-SA 4.0,"Mulberry Symbols © Garry Paxton 2008-2017, © Steve Lee 2018-2026",funcional (en botón) o informativa (en hoja); siempre junto a su texto,"alt="""" porque el texto visible dice lo mismo",Enchufar el teléfono,Plug in the phone,juego:ordena-cargar-el-telefono juego:que-falta-cargar-el-telefono imprimible:rutina-cargar-el-telefono
/assets/pictogramas/mulberry98/razor.svg,Mulberry Symbols,razor,https://github.com/mulberrysymbols/mulberry-symbols/blob/master/EN/razor.svg,CC BY-SA 4.0,"Mulberry Symbols © Garry Paxton 2008-2017, © Steve Lee 2018-2026",funcional (en botón) o informativa (en hoja); siempre junto a su texto,"alt="""" porque el texto visible dice lo mismo",Preparar lo que necesitas,Get what you need,juego:ordena-afeitarse-o-cuidado-personal juego:que-viene-afeitarse-o-cuidado-personal juego:que-viene-salir-del-sitio-cuando-hay-sobrecarga juego:que-falta-recargar-el-abono-de-transporte imprimible:rutina-afeitarse-o-cuidado-personal
/assets/pictogramas/mulberry98/recipe.svg,Mulberry Symbols,recipe,https://github.com/mulberrysymbols/mulberry-symbols/blob/master/EN/recipe.svg,CC BY-SA 4.0,"Mulberry Symbols © Garry Paxton 2008-2017, © Steve Lee 2018-2026",funcional (en botón) o informativa (en hoja); siempre junto a su texto,"alt="""" porque el texto visible dice lo mismo",Leer la receta | Mirar todos los pasos,Read the recipe | Look at all the steps,juego:que-viene-afeitarse-o-cuidado-personal juego:ordena-seguir-una-receta-visual-sencilla juego:que-viene-seguir-una-receta-visual-sencilla juego:que-falta-cargar-el-telefono imprimible:cocinar-una-receta imprimible:rutina-seguir-una-receta-visual-sencilla
/assets/pictogramas/mulberry98/recycle_bin.svg,Mulberry Symbols,recycle_bin,https://github.com/mulberrysymbols/mulberry-symbols/blob/master/EN/recycle_bin.svg,CC BY-SA 4.0,"Mulberry Symbols © Garry Paxton 2008-2017, © Steve Lee 2018-2026",funcional (en botón) o informativa (en hoja); siempre junto a su texto,"alt="""" porque el texto visible dice lo mismo",Papel | Plástico | Vidrio,Paper | Plastic | Glass,juego:que-falta-subir-y-bajar-la-cremallera juego:que-viene-preparar-un-bocadillo juego:ordena-separar-para-reciclar juego:que-viene-separar-para-reciclar imprimible:rutina-separar-para-reciclar
/assets/pictogramas/mulberry98/recycling_bins.svg,Mulberry Symbols,recycling_bins,https://github.com/mulberrysymbols/mulberry-symbols/blob/master/EN/recycling_bins.svg,CC BY-SA 4.0,"Mulberry Symbols © Garry Paxton 2008-2017, © Steve Lee 2018-2026",funcional (en botón) o informativa (en hoja); siempre junto a su texto,"alt="""" porque el texto visible dice lo mismo",Llevarlo al contenedor,Take it to the bins,juego:ordena-separar-para-reciclar juego:que-viene-separar-para-reciclar imprimible:rutina-separar-para-reciclar
/assets/pictogramas/mulberry98/sandwich.svg,Mulberry Symbols,sandwich,https://github.com/mulberrysymbols/mulberry-symbols/blob/master/EN/sandwich.svg,CC BY-SA 4.0,"Mulberry Symbols © Garry Paxton 2008-2017, © Steve Lee 2018-2026",funcional (en botón) o informativa (en hoja); siempre junto a su texto,"alt="""" porque el texto visible dice lo mismo",Cerrar el bocadillo | Cerrarlo | Meter la comida,Close the sandwich | Close it | Put in the food,juego:ordena-el-bocadillo juego:ordena-preparar-un-bocadillo juego:que-viene-preparar-un-bocadillo juego:ordena-preparar-la-comida-para-llevar juego:que-viene-preparar-la-comida-para-llevar imprimible:preparar-un-bocadillo imprimible:rutina-preparar-la-comida-para-llevar
/assets/pictogramas/mulberry98/sandwich_cheese.svg,Mulberry Symbols,sandwich_cheese,https://github.com/mulberrysymbols/mulberry-symbols/blob/master/EN/sandwich_cheese.svg,CC BY-SA 4.0,"Mulberry Symbols © Garry Paxton 2008-2017, © Steve Lee 2018-2026",funcional (en botón) o informativa (en hoja); siempre junto a su texto,"alt="""" porque el texto visible dice lo mismo",Poner el relleno,Add the filling,juego:ordena-el-bocadillo juego:ordena-preparar-un-bocadillo juego:que-viene-preparar-un-bocadillo imprimible:preparar-un-bocadillo
/assets/pictogramas/mulberry98/sanitary_towel.svg,Mulberry Symbols,sanitary_towel,https://github.com/mulberrysymbols/mulberry-symbols/blob/master/EN/sanitary_towel.svg,CC BY-SA 4.0,"Mulberry Symbols © Garry Paxton 2008-2017, © Steve Lee 2018-2026",funcional (en botón) o informativa (en hoja); siempre junto a su texto,"alt="""" porque el texto visible dice lo mismo",Llevar compresa o tampón,Carry a pad or tampon,juego:ordena-cuidado-menstrual juego:que-viene-cuidado-menstrual imprimible:rutina-cuidado-menstrual
/assets/pictogramas/mulberry98/scissors.svg,Mulberry Symbols,scissors,https://github.com/mulberrysymbols/mulberry-symbols/blob/master/EN/scissors.svg,CC BY-SA 4.0,"Mulberry Symbols © Garry Paxton 2008-2017, © Steve Lee 2018-2026",funcional (en botón) o informativa (en hoja); siempre junto a su texto,"alt="""" porque el texto visible dice lo mismo",Tijeras | Usar tijeras si hace falta,Scissors | Use scissors if you need to,juego:busca-lo-que-necesitas-para-salir juego:ordena-abrir-un-envase-dificil juego:que-falta-abrir-un-envase-dificil imprimible:rutina-abrir-un-envase-dificil
/assets/pictogramas/mulberry98/set_timer_to.svg,Mulberry Symbols,set_timer_to,https://github.com/mulberrysymbols/mulberry-symbols/blob/master/EN/set_timer_to.svg,CC BY-SA 4.0,"Mulberry Symbols © Garry Paxton 2008-2017, © Steve Lee 2018-2026",funcional (en botón) o informativa (en hoja); siempre junto a su texto,"alt="""" porque el texto visible dice lo mismo",Poner un aviso | Poner un temporizador | Poner el tiempo | Poner un aviso para sacarla | Poner un temporizador corto | Aviso de que queda poco | Aviso: faltan 10 minutos | Aviso final | Aviso de última media hora | Mirar el aviso,Set a reminder | Set a timer | Set the time | Set a reminder to take it out | Set a short timer | Warning that the break is ending | Warning: ten minutes left | Warning that it is ending | Final warning | Warning: last half hour | Check the reminder,juego:tiempo-con-pantallas juego:que-viene-lavarse-las-manos juego:ordena-salir-a-tiempo juego:que-viene-salir-a-tiempo juego:que-viene-preparar-un-bocadillo juego:que-viene-poner-la-mesa juego:ordena-usar-el-microondas-con-seguridad juego:que-viene-usar-el-microondas-con-seguridad juego:que-viene-recoger-una-habitacion juego:ordena-poner-la-lavadora juego:que-viene-poner-la-lavadora juego:que-falta-doblar-la-ropa juego:ordena-empezar-una-tarea juego:que-viene-empezar-una-tarea juego:que-viene-dividir-una-tarea-grande juego:primero-guardar-los-materiales juego:ordena-transicion-descanso-trabajo juego:que-viene-transicion-descanso-trabajo juego:que-viene-comprar-en-una-tienda juego:que-falta-orientarse-en-un-lugar-conocido juego:ordena-prepararse-para-salir juego:que-falta-prepararse-para-salir juego:ordena-terminar-una-actividad juego:que-falta-terminar-una-actividad juego:ordena-seguir-una-cuenta-atras-visual juego:que-falta-seguir-una-cuenta-atras-visual juego:ordena-apagar-pantallas-y-luces juego:que-falta-apagar-pantallas-y-luces juego:ordena-tomar-la-medicacion juego:que-falta-tomar-la-medicacion imprimible:rutina-salir-a-tiempo imprimible:rutina-usar-el-microondas-con-seguridad imprimible:rutina-transicion-descanso-trabajo imprimible:rutina-prepararse-para-salir imprimible:rutina-terminar-una-actividad imprimible:rutina-seguir-una-cuenta-atras-visual imprimible:rutina-apagar-pantallas-y-luces imprimible:rutina-tomar-la-medicacion
/assets/pictogramas/mulberry98/shampoo.svg,Mulberry Symbols,shampoo,https://github.com/mulberrysymbols/mulberry-symbols/blob/master/EN/shampoo.svg,CC BY-SA 4.0,"Mulberry Symbols © Garry Paxton 2008-2017, © Steve Lee 2018-2026",funcional (en botón) o informativa (en hoja); siempre junto a su texto,"alt="""" porque el texto visible dice lo mismo",Champú | Poner champú,Shampoo | Put on shampoo,juego:intruso-ducha juego:ordena-lavarse-el-pelo juego:que-viene-lavarse-el-pelo imprimible:rutina-lavarse-el-pelo
/assets/pictogramas/mulberry98/shower_gel.svg,Mulberry Symbols,shower_gel,https://github.com/mulberrysymbols/mulberry-symbols/blob/master/EN/shower_gel.svg,CC BY-SA 4.0,"Mulberry Symbols © Garry Paxton 2008-2017, © Steve Lee 2018-2026",funcional (en botón) o informativa (en hoja); siempre junto a su texto,"alt="""" porque el texto visible dice lo mismo",Ponerse gel | Gel de ducha | Usar el gel,Use shower gel | Shower gel,juego:ordena-la-ducha juego:intruso-ducha juego:ordena-ducharse juego:que-viene-ducharse imprimible:ducharse
/assets/pictogramas/mulberry98/sink.svg,Mulberry Symbols,sink,https://github.com/mulberrysymbols/mulberry-symbols/blob/master/EN/sink.svg,CC BY-SA 4.0,"Mulberry Symbols © Garry Paxton 2008-2017, © Steve Lee 2018-2026",funcional (en botón) o informativa (en hoja); siempre junto a su texto,"alt="""" porque el texto visible dice lo mismo",Fregadero | Llenar el fregadero,Sink | Fill the sink,juego:empareja-sitio-objeto juego:memoria-de-la-cocina juego:que-viene-lavarse-las-manos juego:ordena-lavar-los-platos juego:que-viene-lavar-los-platos juego:que-viene-volver-a-la-cama-si-te-despiertas imprimible:rutina-lavar-los-platos
/assets/pictogramas/mulberry98/soap.svg,Mulberry Symbols,soap,https://github.com/mulberrysymbols/mulberry-symbols/blob/master/EN/soap.svg,CC BY-SA 4.0,"Mulberry Symbols © Garry Paxton 2008-2017, © Steve Lee 2018-2026",funcional (en botón) o informativa (en hoja); siempre junto a su texto,"alt="""" porque el texto visible dice lo mismo",Jabón | Poner jabón,Soap | Use soap,juego:que-falta-dientes juego:objeto-accion juego:intruso-ducha juego:lavarse-las-manos juego:busca-lo-del-bano juego:memoria-de-la-higiene juego:ordena-lavarse-las-manos juego:que-viene-lavarse-las-manos imprimible:lavarse-las-manos
/assets/pictogramas/mulberry98/socks.svg,Mulberry Symbols,socks,https://github.com/mulberrysymbols/mulberry-symbols/blob/master/EN/socks.svg,CC BY-SA 4.0,"Mulberry Symbols © Garry Paxton 2008-2017, © Steve Lee 2018-2026",funcional (en botón) o informativa (en hoja); siempre junto a su texto,"alt="""" porque el texto visible dice lo mismo",Calcetines,Socks,juego:donde-pasa-esto juego:mochila-del-finde juego:recoge-la-habitacion juego:ordena-vestirse-por-orden juego:que-viene-vestirse-por-orden imprimible:rutina-vestirse-por-orden
/assets/pictogramas/mulberry98/spoon.svg,Mulberry Symbols,spoon,https://github.com/mulberrysymbols/mulberry-symbols/blob/master/EN/spoon.svg,CC BY-SA 4.0,"Mulberry Symbols © Garry Paxton 2008-2017, © Steve Lee 2018-2026",funcional (en botón) o informativa (en hoja); siempre junto a su texto,"alt="""" porque el texto visible dice lo mismo",Cuchara | Coger la cuchara,Spoon | Take a spoon,juego:objeto-accion juego:cual-es-el-primero juego:pon-la-mesa juego:memoria-de-la-cocina juego:busca-lo-que-necesitas-para-salir juego:ordena-preparar-un-desayuno-sencillo juego:que-viene-preparar-un-desayuno-sencillo imprimible:desayuno-sencillo imprimible:rutina-preparar-un-desayuno-sencillo
/assets/pictogramas/mulberry98/table.svg,Mulberry Symbols,table,https://github.com/mulberrysymbols/mulberry-symbols/blob/master/EN/table.svg,CC BY-SA 4.0,"Mulberry Symbols © Garry Paxton 2008-2017, © Steve Lee 2018-2026",funcional (en botón) o informativa (en hoja); siempre junto a su texto,"alt="""" porque el texto visible dice lo mismo",Mesa | Dejarlo en un sitio fijo,Table | Leave it in one fixed place,juego:pon-la-mesa juego:ordena-cargar-el-telefono juego:que-falta-cargar-el-telefono imprimible:rutina-cargar-el-telefono
/assets/pictogramas/mulberry98/tap.svg,Mulberry Symbols,tap,https://github.com/mulberrysymbols/mulberry-symbols/blob/master/EN/tap.svg,CC BY-SA 4.0,"Mulberry Symbols © Garry Paxton 2008-2017, © Steve Lee 2018-2026",funcional (en botón) o informativa (en hoja); siempre junto a su texto,"alt="""" porque el texto visible dice lo mismo",Abrir el agua | Cerrar el grifo | Abrir el grifo,Turn on the water | Turn off the tap | Turn on the tap,juego:ordena-la-ducha juego:lavarse-las-manos juego:ordena-lavarse-las-manos juego:que-viene-lavarse-las-manos juego:que-falta-pedir-ayuda juego:que-falta-usar-una-lista-de-la-compra imprimible:lavarse-las-manos imprimible:ducharse
/assets/pictogramas/mulberry98/timer_2.svg,Mulberry Symbols,timer_2,https://github.com/mulberrysymbols/mulberry-symbols/blob/master/EN/timer_2.svg,CC BY-SA 4.0,"Mulberry Symbols © Garry Paxton 2008-2017, © Steve Lee 2018-2026",funcional (en botón) o informativa (en hoja); siempre junto a su texto,"alt="""" porque el texto visible dice lo mismo",Diez minutos más y parar | Mirar cuánto falta | Ver el tiempo entero,"Ten more minutes, then stop | See how long is left | See the whole time",juego:tiempo-con-pantallas juego:que-viene-lavar-los-platos juego:que-falta-guardar-la-comida juego:que-viene-transicion-descanso-trabajo juego:que-falta-pedir-una-adaptacion-o-ayuda juego:ordena-esperar juego:que-falta-esperar juego:ordena-seguir-una-cuenta-atras-visual juego:que-falta-seguir-una-cuenta-atras-visual imprimible:rutina-esperar imprimible:rutina-seguir-una-cuenta-atras-visual
/assets/pictogramas/mulberry98/toilet_roll.svg,Mulberry Symbols,toilet_roll,https://github.com/mulberrysymbols/mulberry-symbols/blob/master/EN/toilet_roll.svg,CC BY-SA 4.0,"Mulberry Symbols © Garry Paxton 2008-2017, © Steve Lee 2018-2026",funcional (en botón) o informativa (en hoja); siempre junto a su texto,"alt="""" porque el texto visible dice lo mismo",Papel higiénico | Papel,Toilet paper | Toilet roll,juego:donde-pasa-esto juego:ordena-ir-al-bano juego:que-viene-ir-al-bano imprimible:ir-al-bano
/assets/pictogramas/mulberry98/toothbrush.svg,Mulberry Symbols,toothbrush,https://github.com/mulberrysymbols/mulberry-symbols/blob/master/EN/toothbrush.svg,CC BY-SA 4.0,"Mulberry Symbols © Garry Paxton 2008-2017, © Steve Lee 2018-2026",funcional (en botón) o informativa (en hoja); siempre junto a su texto,"alt="""" porque el texto visible dice lo mismo",Coger el cepillo | Cepillo de dientes | Limpiar el cepillo,Pick up the toothbrush | Toothbrush | Take the toothbrush | Clean the brush,juego:que-falta-dientes juego:objeto-accion juego:dos-rutinas-mezcladas juego:donde-pasa-esto juego:pon-la-mesa juego:mochila-del-finde juego:busca-lo-del-bano juego:memoria-de-la-higiene juego:ordena-lavarse-los-dientes juego:que-viene-lavarse-los-dientes juego:que-viene-usar-el-transporte-publico juego:que-viene-prepararse-para-el-dentista imprimible:lavarse-los-dientes
/assets/pictogramas/mulberry98/toothpaste.svg,Mulberry Symbols,toothpaste,https://github.com/mulberrysymbols/mulberry-symbols/blob/master/EN/toothpaste.svg,CC BY-SA 4.0,"Mulberry Symbols © Garry Paxton 2008-2017, © Steve Lee 2018-2026",funcional (en botón) o informativa (en hoja); siempre junto a su texto,"alt="""" porque el texto visible dice lo mismo",Poner la pasta,Put on toothpaste,juego:que-falta-dientes juego:dos-rutinas-mezcladas juego:ordena-lavarse-los-dientes juego:que-viene-lavarse-los-dientes imprimible:lavarse-los-dientes
/assets/pictogramas/mulberry98/towel.svg,Mulberry Symbols,towel,https://github.com/mulberrysymbols/mulberry-symbols/blob/master/EN/towel.svg,CC BY-SA 4.0,"Mulberry Symbols © Garry Paxton 2008-2017, © Steve Lee 2018-2026",funcional (en botón) o informativa (en hoja); siempre junto a su texto,"alt="""" porque el texto visible dice lo mismo",Secarse la boca | Toalla | Secarse con la toalla | Coger la toalla | Secarse | Secar el cuerpo,Dry your mouth | Towel | Dry off with the towel | Take a towel | Dry yourself | Take the towel | Dry your body,juego:ordena-la-ducha juego:que-falta-dientes juego:objeto-accion juego:intruso-ducha juego:donde-pasa-esto juego:busca-lo-del-bano juego:memoria-de-la-higiene juego:ordena-ducharse juego:que-viene-ducharse juego:ordena-secarse juego:que-viene-secarse juego:que-viene-subir-y-bajar-del-autobus-o-metro juego:que-viene-pagar juego:que-falta-cargar-el-telefono juego:que-falta-abrir-un-envase-dificil imprimible:lavarse-los-dientes imprimible:ducharse imprimible:rutina-secarse
/assets/pictogramas/mulberry98/traffic_lights.svg,Mulberry Symbols,traffic_lights,https://github.com/mulberrysymbols/mulberry-symbols/blob/master/EN/traffic_lights.svg,CC BY-SA 4.0,"Mulberry Symbols © Garry Paxton 2008-2017, © Steve Lee 2018-2026",funcional (en botón) o informativa (en hoja); siempre junto a su texto,"alt="""" porque el texto visible dice lo mismo",Mirar el semáforo,Look at the lights,juego:cruzar-bien juego:ordena-cruzar-por-el-paso-de-peatones juego:que-viene-cruzar-por-el-paso-de-peatones imprimible:cruzar-la-calle imprimible:rutina-cruzar-por-el-paso-de-peatones
/assets/pictogramas/mulberry98/trousers.svg,Mulberry Symbols,trousers,https://github.com/mulberrysymbols/mulberry-symbols/blob/master/EN/trousers.svg,CC BY-SA 4.0,"Mulberry Symbols © Garry Paxton 2008-2017, © Steve Lee 2018-2026",funcional (en botón) o informativa (en hoja); siempre junto a su texto,"alt="""" porque el texto visible dice lo mismo",Pantalón | Elegir la parte de abajo | Parte de abajo,Trousers | Choose the bottom | Bottoms,juego:mochila-del-finde juego:ordena-elegir-la-ropa juego:que-viene-elegir-la-ropa juego:ordena-vestirse-por-orden juego:que-viene-vestirse-por-orden imprimible:rutina-elegir-la-ropa imprimible:rutina-vestirse-por-orden
/assets/pictogramas/mulberry98/vacuum_cleaner_1.svg,Mulberry Symbols,vacuum_cleaner_1,https://github.com/mulberrysymbols/mulberry-symbols/blob/master/EN/vacuum_cleaner_1.svg,CC BY-SA 4.0,"Mulberry Symbols © Garry Paxton 2008-2017, © Steve Lee 2018-2026",funcional (en botón) o informativa (en hoja); siempre junto a su texto,"alt="""" porque el texto visible dice lo mismo",Guardar la aspiradora,Put the vacuum away,juego:ordena-pasar-la-aspiradora juego:que-falta-pasar-la-aspiradora imprimible:rutina-pasar-la-aspiradora
/assets/pictogramas/mulberry98/wallet.svg,Mulberry Symbols,wallet,https://github.com/mulberrysymbols/mulberry-symbols/blob/master/EN/wallet.svg,CC BY-SA 4.0,"Mulberry Symbols © Garry Paxton 2008-2017, © Steve Lee 2018-2026",funcional (en botón) o informativa (en hoja); siempre junto a su texto,"alt="""" porque el texto visible dice lo mismo",Cartera | Sacar la cartera | Sacar la tarjeta o el dinero | Guardar la cartera | Coger el ticket | Guardarlo en un sitio fijo | Guardar la tarjeta,Wallet | Take out your wallet | Take out your card or money | Put your wallet away | Take the receipt | Put it in one fixed place | Put the card away,juego:paga-y-guarda juego:que-falta-al-salir juego:busca-lo-que-necesitas-para-salir juego:que-viene-preparar-la-mochila juego:ordena-comprobar-llaves-telefono-y-documentos juego:que-viene-comprobar-llaves-telefono-y-documentos juego:que-falta-limpiar-una-superficie juego:que-falta-pasar-la-aspiradora juego:ordena-pagar juego:que-viene-pagar juego:ordena-guardar-el-ticket-y-el-cambio juego:primero-guardar-el-ticket-y-el-cambio juego:ordena-recargar-el-abono-de-transporte juego:que-falta-recargar-el-abono-de-transporte imprimible:rutina-comprobar-llaves-telefono-y-documentos imprimible:rutina-pagar imprimible:rutina-guardar-el-ticket-y-el-cambio imprimible:rutina-recargar-el-abono-de-transporte
/assets/pictogramas/mulberry98/washing_machine.svg,Mulberry Symbols,washing_machine,https://github.com/mulberrysymbols/mulberry-symbols/blob/master/EN/washing_machine.svg,CC BY-SA 4.0,"Mulberry Symbols © Garry Paxton 2008-2017, © Steve Lee 2018-2026",funcional (en botón) o informativa (en hoja); siempre junto a su texto,"alt="""" porque el texto visible dice lo mismo",Meter la ropa en la lavadora | Elegir el programa,Put the clothes in the machine | Choose the programme,juego:ordena-la-lavadora juego:ordena-poner-la-lavadora juego:que-viene-poner-la-lavadora imprimible:poner-la-lavadora
/assets/pictogramas/mulberry98/washing_powder.svg,Mulberry Symbols,washing_powder,https://github.com/mulberrysymbols/mulberry-symbols/blob/master/EN/washing_powder.svg,CC BY-SA 4.0,"Mulberry Symbols © Garry Paxton 2008-2017, © Steve Lee 2018-2026",funcional (en botón) o informativa (en hoja); siempre junto a su texto,"alt="""" porque el texto visible dice lo mismo",Poner el detergente,Add the detergent | Add the powder,juego:ordena-la-lavadora juego:ordena-poner-la-lavadora juego:que-viene-poner-la-lavadora imprimible:poner-la-lavadora
/assets/pictogramas/mulberry98/washing_up_liquid.svg,Mulberry Symbols,washing_up_liquid,https://github.com/mulberrysymbols/mulberry-symbols/blob/master/EN/washing_up_liquid.svg,CC BY-SA 4.0,"Mulberry Symbols © Garry Paxton 2008-2017, © Steve Lee 2018-2026",funcional (en botón) o informativa (en hoja); siempre junto a su texto,"alt="""" porque el texto visible dice lo mismo",Poner jabón,Add washing-up liquid,juego:ordena-lavar-los-platos juego:que-viene-lavar-los-platos imprimible:rutina-lavar-los-platos
/assets/pictogramas/mulberry98/watering_can.svg,Mulberry Symbols,watering_can,https://github.com/mulberrysymbols/mulberry-symbols/blob/master/EN/watering_can.svg,CC BY-SA 4.0,"Mulberry Symbols © Garry Paxton 2008-2017, © Steve Lee 2018-2026",funcional (en botón) o informativa (en hoja); siempre junto a su texto,"alt="""" porque el texto visible dice lo mismo",Llenar la regadera,Fill the watering can,juego:que-viene-preparar-la-ropa-del-dia-siguiente juego:que-viene-lavar-los-platos juego:ordena-regar-las-plantas juego:primero-regar-las-plantas imprimible:rutina-regar-las-plantas
/assets/pictogramas/mulberry98/work_to.svg,Mulberry Symbols,work_to,https://github.com/mulberrysymbols/mulberry-symbols/blob/master/EN/work_to.svg,CC BY-SA 4.0,"Mulberry Symbols © Garry Paxton 2008-2017, © Steve Lee 2018-2026",funcional (en botón) o informativa (en hoja); siempre junto a su texto,"alt="""" porque el texto visible dice lo mismo",Hacer uno,Do one,juego:ordena-dividir-una-tarea-grande juego:que-viene-dividir-una-tarea-grande imprimible:rutina-dividir-una-tarea-grande
/assets/pictogramas/mulberry98/worksheet.svg,Mulberry Symbols,worksheet,https://github.com/mulberrysymbols/mulberry-symbols/blob/master/EN/worksheet.svg,CC BY-SA 4.0,"Mulberry Symbols © Garry Paxton 2008-2017, © Steve Lee 2018-2026",funcional (en botón) o informativa (en hoja); siempre junto a su texto,"alt="""" porque el texto visible dice lo mismo",Ejercicios de mates | Mirar la tarea | Escribir o dibujar la tarea entera | Sacar lo nuevo,Maths exercises | Look at the task | Show the whole task | Get out the new thing,juego:organizar-los-deberes juego:que-viene-ducharse juego:que-viene-lavarse-el-pelo juego:que-viene-seguir-una-receta-visual-sencilla juego:que-viene-preparar-la-comida-para-llevar juego:ordena-empezar-una-tarea juego:que-viene-empezar-una-tarea juego:ordena-dividir-una-tarea-grande juego:que-viene-dividir-una-tarea-grande juego:ordena-cambiar-de-tarea juego:que-viene-cambiar-de-tarea imprimible:rutina-dividir-una-tarea-grande imprimible:rutina-cambiar-de-tarea
/assets/pictogramas/mulberry98/zebra_crossing.svg,Mulberry Symbols,zebra_crossing,https://github.com/mulberrysymbols/mulberry-symbols/blob/master/EN/zebra_crossing.svg,CC BY-SA 4.0,"Mulberry Symbols © Garry Paxton 2008-2017, © Steve Lee 2018-2026",funcional (en botón) o informativa (en hoja); siempre junto a su texto,"alt="""" porque el texto visible dice lo mismo",Paso de peatones | Llegar al paso de peatones | Ir al paso de peatones,Zebra crossing | Reach the zebra crossing | Go to the crossing,juego:ruta-al-autobus juego:cruzar-bien juego:que-viene-afeitarse-o-cuidado-personal juego:que-falta-tender-la-ropa juego:ordena-cruzar-por-el-paso-de-peatones juego:que-viene-cruzar-por-el-paso-de-peatones imprimible:cruzar-la-calle imprimible:rutina-cruzar-por-el-paso-de-peatones
/assets/pictogramas/mulberry98/zip.svg,Mulberry Symbols,zip,https://github.com/mulberrysymbols/mulberry-symbols/blob/master/EN/zip.svg,CC BY-SA 4.0,"Mulberry Symbols © Garry Paxton 2008-2017, © Steve Lee 2018-2026",funcional (en botón) o informativa (en hoja); siempre junto a su texto,"alt="""" porque el texto visible dice lo mismo",Juntar las dos partes abajo | Sujetar la parte de abajo | Subir la cremallera | Bajar la cremallera,Join the two parts at the bottom | Hold the bottom | Pull the zip up | Pull the zip down,juego:ordena-subir-y-bajar-la-cremallera juego:que-falta-subir-y-bajar-la-cremallera juego:que-viene-transicion-descanso-trabajo juego:que-falta-apagar-pantallas-y-luces imprimible:rutina-subir-y-bajar-la-cremallera
/assets/pictogramas/pictos-objetos/banador.svg,Mulberry Symbols,swimming_costume,https://github.com/mulberrysymbols/mulberry-symbols/blob/master/EN/swimming_costume.svg,CC BY-SA 4.0,"Mulberry Symbols © Garry Paxton 2008-2017, © Steve Lee 2018-2026",funcional (en botón) o informativa (en hoja); siempre junto a su texto,"alt="""" porque el texto visible dice lo mismo",Bañador,Swimsuit,juego:vistete-lluvia juego:vistete-para-el-tiempo
/assets/pictogramas/pictos-objetos/bolsa.svg,Mulberry Symbols,plastic_bag,https://github.com/mulberrysymbols/mulberry-symbols/blob/master/EN/plastic_bag.svg,CC BY-SA 4.0,"Mulberry Symbols © Garry Paxton 2008-2017, © Steve Lee 2018-2026",funcional (en botón) o informativa (en hoja); siempre junto a su texto,"alt="""" porque el texto visible dice lo mismo",Bolsa de plástico | Guardo la compra en la bolsa,Plastic bag | I put the shopping in the bag,juego:separa-para-reciclar juego:la-compra imprimible:hacer-la-compra
/assets/pictogramas/pictos-objetos/botas.svg,Mulberry Symbols,boots,https://github.com/mulberrysymbols/mulberry-symbols/blob/master/EN/boots.svg,CC BY-SA 4.0,"Mulberry Symbols © Garry Paxton 2008-2017, © Steve Lee 2018-2026",funcional (en botón) o informativa (en hoja); siempre junto a su texto,"alt="""" porque el texto visible dice lo mismo",Botas,Boots,juego:vistete-lluvia juego:vistete-para-el-tiempo imprimible:vestirse-para-la-lluvia
/assets/pictogramas/pictos-objetos/camiseta.svg,Mulberry Symbols,t-shirt,https://github.com/mulberrysymbols/mulberry-symbols/blob/master/EN/t-shirt.svg,CC BY-SA 4.0,"Mulberry Symbols © Garry Paxton 2008-2017, © Steve Lee 2018-2026",funcional (en botón) o informativa (en hoja); siempre junto a su texto,"alt="""" porque el texto visible dice lo mismo",Camiseta,T-shirt,juego:mochila-del-finde juego:vistete-para-el-tiempo
/assets/pictogramas/pictos-objetos/cestaropa.svg,Mulberry Symbols,laundry_basket,https://github.com/mulberrysymbols/mulberry-symbols/blob/master/EN/laundry_basket.svg,CC BY-SA 4.0,"Mulberry Symbols © Garry Paxton 2008-2017, © Steve Lee 2018-2026",funcional (en botón) o informativa (en hoja); siempre junto a su texto,"alt="""" porque el texto visible dice lo mismo",Cesto de la ropa,Laundry basket,juego:recoge-la-habitacion juego:empareja-sitio-objeto
/assets/pictogramas/pictos-objetos/consulta.svg,Mulberry Symbols,door,https://github.com/mulberrysymbols/mulberry-symbols/blob/master/EN/door.svg,CC BY-SA 4.0,"Mulberry Symbols © Garry Paxton 2008-2017, © Steve Lee 2018-2026",funcional (en botón) o informativa (en hoja); siempre junto a su texto,"alt="""" porque el texto visible dice lo mismo",Consulta | Abrir la puerta | Salir de casa | Bajar | Salir | Entrar,Consulting room | Open the door | Leave home | Get off | Go out | Go in,juego:la-ruta-del-medico juego:preparar-una-cita-medica juego:que-viene-lavarse-los-dientes juego:ordena-ponerse-el-abrigo-y-salir juego:que-viene-ponerse-el-abrigo-y-salir juego:ordena-transicion-casa-escuela-o-trabajo juego:que-viene-transicion-casa-escuela-o-trabajo juego:ordena-subir-y-bajar-del-autobus-o-metro juego:que-viene-subir-y-bajar-del-autobus-o-metro juego:ordena-prepararse-para-salir juego:que-falta-prepararse-para-salir juego:que-falta-higiene-nocturna juego:ordena-prepararse-para-el-dentista juego:que-viene-prepararse-para-el-dentista imprimible:ir-a-una-cita-medica imprimible:rutina-ponerse-el-abrigo-y-salir imprimible:rutina-transicion-casa-escuela-o-trabajo imprimible:rutina-subir-y-bajar-del-autobus-o-metro imprimible:rutina-prepararse-para-salir imprimible:rutina-prepararse-para-el-dentista
/assets/pictogramas/pictos-objetos/estante.svg,Mulberry Symbols,bookcase,https://github.com/mulberrysymbols/mulberry-symbols/blob/master/EN/bookcase.svg,CC BY-SA 4.0,"Mulberry Symbols © Garry Paxton 2008-2017, © Steve Lee 2018-2026",funcional (en botón) o informativa (en hoja); siempre junto a su texto,"alt="""" porque el texto visible dice lo mismo",Estantería,Shelf,juego:mochila-del-finde juego:recoge-la-habitacion juego:empareja-sitio-objeto
/assets/pictogramas/pictos-objetos/fruta.svg,Mulberry Symbols,fruit,https://github.com/mulberrysymbols/mulberry-symbols/blob/master/EN/fruit.svg,CC BY-SA 4.0,"Mulberry Symbols © Garry Paxton 2008-2017, © Steve Lee 2018-2026",funcional (en botón) o informativa (en hoja); siempre junto a su texto,"alt="""" porque el texto visible dice lo mismo",Fruta | Merendar | Sacar los ingredientes,Fruit | Afternoon snack | Get the ingredients out,juego:intruso-compra juego:construye-tu-tarde juego:separa-para-reciclar juego:la-compra imprimible:cocinar-una-receta
/assets/pictogramas/pictos-objetos/gorra.svg,Mulberry Symbols,cap,https://github.com/mulberrysymbols/mulberry-symbols/blob/master/EN/cap.svg,CC BY-SA 4.0,"Mulberry Symbols © Garry Paxton 2008-2017, © Steve Lee 2018-2026",funcional (en botón) o informativa (en hoja); siempre junto a su texto,"alt="""" porque el texto visible dice lo mismo",Gorra,Cap,juego:vistete-lluvia juego:vistete-para-el-tiempo
/assets/pictogramas/pictos-objetos/gorro.svg,Mulberry Symbols,bobble_hat,https://github.com/mulberrysymbols/mulberry-symbols/blob/master/EN/bobble_hat.svg,CC BY-SA 4.0,"Mulberry Symbols © Garry Paxton 2008-2017, © Steve Lee 2018-2026",funcional (en botón) o informativa (en hoja); siempre junto a su texto,"alt="""" porque el texto visible dice lo mismo",Gorro de lana,Woolly hat,juego:vistete-para-el-tiempo
/assets/pictogramas/pictos-objetos/hito-bus.svg,Mulberry Symbols,bus_single_decker,https://github.com/mulberrysymbols/mulberry-symbols/blob/master/EN/bus_single_decker.svg,CC BY-SA 4.0,"Mulberry Symbols © Garry Paxton 2008-2017, © Steve Lee 2018-2026",funcional (en botón) o informativa (en hoja); siempre junto a su texto,"alt="""" porque el texto visible dice lo mismo",Autobús | Ir en autobús,Bus | Go by bus,juego:ruta-al-autobus juego:la-ruta-del-medico imprimible:ir-en-autobus
/assets/pictogramas/pictos-objetos/hito-casa.svg,Mulberry Symbols,house,https://github.com/mulberrysymbols/mulberry-symbols/blob/master/EN/house.svg,CC BY-SA 4.0,"Mulberry Symbols © Garry Paxton 2008-2017, © Steve Lee 2018-2026",funcional (en botón) o informativa (en hoja); siempre junto a su texto,"alt="""" porque el texto visible dice lo mismo",Casa | Volver a casa | Llegar a casa,Home | Go back home | Get home,juego:ruta-al-autobus juego:la-ruta-del-medico juego:salir-con-el-perro juego:preparar-una-cita-medica juego:despues-de-un-dia-dificil imprimible:ir-en-autobus imprimible:ir-a-una-cita-medica imprimible:volver-a-casa
/assets/pictogramas/pictos-objetos/hito-destino.svg,Mulberry Symbols,school,https://github.com/mulberrysymbols/mulberry-symbols/blob/master/EN/school.svg,CC BY-SA 4.0,"Mulberry Symbols © Garry Paxton 2008-2017, © Steve Lee 2018-2026",funcional (en botón) o informativa (en hoja); siempre junto a su texto,"alt="""" porque el texto visible dice lo mismo",Llegar,Arrive,juego:ruta-al-autobus imprimible:ir-en-autobus
/assets/pictogramas/pictos-objetos/impermeable.svg,Mulberry Symbols,raincoat,https://github.com/mulberrysymbols/mulberry-symbols/blob/master/EN/raincoat.svg,CC BY-SA 4.0,"Mulberry Symbols © Garry Paxton 2008-2017, © Steve Lee 2018-2026",funcional (en botón) o informativa (en hoja); siempre junto a su texto,"alt="""" porque el texto visible dice lo mismo",Chubasquero,Raincoat,juego:vistete-lluvia juego:vistete-para-el-tiempo imprimible:vestirse-para-la-lluvia
/assets/pictogramas/pictos-objetos/informes.svg,Mulberry Symbols,new_document,https://github.com/mulberrysymbols/mulberry-symbols/blob/master/EN/new_document.svg,CC BY-SA 4.0,"Mulberry Symbols © Garry Paxton 2008-2017, © Steve Lee 2018-2026",funcional (en botón) o informativa (en hoja); siempre junto a su texto,"alt="""" porque el texto visible dice lo mismo",Papeles viejos | Informes y preguntas anotadas | Nómina,Old papers | Reports and written questions | Payslip,juego:separa-para-reciclar juego:preparar-una-cita-medica juego:ordenar-papeles
/assets/pictogramas/pictos-objetos/jersey.svg,Mulberry Symbols,jumper,https://github.com/mulberrysymbols/mulberry-symbols/blob/master/EN/jumper.svg,CC BY-SA 4.0,"Mulberry Symbols © Garry Paxton 2008-2017, © Steve Lee 2018-2026",funcional (en botón) o informativa (en hoja); siempre junto a su texto,"alt="""" porque el texto visible dice lo mismo",Jersey,Jumper,juego:vistete-lluvia juego:recoge-la-habitacion juego:empareja-sitio-objeto juego:vistete-para-el-tiempo
/assets/pictogramas/pictos-objetos/juguete.svg,Mulberry Symbols,teddy_bear,https://github.com/mulberrysymbols/mulberry-symbols/blob/master/EN/teddy_bear.svg,CC BY-SA 4.0,"Mulberry Symbols © Garry Paxton 2008-2017, © Steve Lee 2018-2026",funcional (en botón) o informativa (en hoja); siempre junto a su texto,"alt="""" porque el texto visible dice lo mismo",Un juguete,A toy,juego:prepara-tu-mochila juego:que-falta-al-salir juego:recoge-la-habitacion juego:la-compra
/assets/pictogramas/pictos-objetos/leche.svg,Mulberry Symbols,milk,https://github.com/mulberrysymbols/mulberry-symbols/blob/master/EN/milk.svg,CC BY-SA 4.0,"Mulberry Symbols © Garry Paxton 2008-2017, © Steve Lee 2018-2026",funcional (en botón) o informativa (en hoja); siempre junto a su texto,"alt="""" porque el texto visible dice lo mismo",Leche,Milk,juego:intruso-compra juego:empareja-sitio-objeto juego:separa-para-reciclar juego:la-compra
/assets/pictogramas/pictos-objetos/pan.svg,Mulberry Symbols,bread,https://github.com/mulberrysymbols/mulberry-symbols/blob/master/EN/bread.svg,CC BY-SA 4.0,"Mulberry Symbols © Garry Paxton 2008-2017, © Steve Lee 2018-2026",funcional (en botón) o informativa (en hoja); siempre junto a su texto,"alt="""" porque el texto visible dice lo mismo",Pan | Sacar el pan,Bread | Get out the bread,juego:intruso-compra juego:ordena-el-bocadillo juego:separa-para-reciclar juego:la-compra imprimible:preparar-un-bocadillo
/assets/pictogramas/pictos-objetos/papelera.svg,Mulberry Symbols,waste_paper_bin,https://github.com/mulberrysymbols/mulberry-symbols/blob/master/EN/waste_paper_bin.svg,CC BY-SA 4.0,"Mulberry Symbols © Garry Paxton 2008-2017, © Steve Lee 2018-2026",funcional (en botón) o informativa (en hoja); siempre junto a su texto,"alt="""" porque el texto visible dice lo mismo",Papelera | Tirar | Tirar a la papelera | Tirar los restos | Basura a la papelera | Sacarla del cubo | Orgánico,Waste bin | Throw away | Put it in the bin | Scrape the leftovers | Rubbish in the bin | Take it out of the bin | Food waste,juego:recoge-la-habitacion juego:ordenar-papeles juego:ordena-cuidado-menstrual juego:que-viene-cuidado-menstrual juego:ordena-recoger-la-mesa juego:que-falta-recoger-la-mesa juego:ordena-recoger-una-habitacion juego:que-viene-recoger-una-habitacion juego:ordena-sacar-la-basura juego:que-falta-sacar-la-basura juego:ordena-separar-para-reciclar juego:que-viene-separar-para-reciclar imprimible:rutina-cuidado-menstrual imprimible:rutina-recoger-la-mesa imprimible:rutina-recoger-una-habitacion imprimible:rutina-sacar-la-basura imprimible:rutina-separar-para-reciclar
/assets/pictogramas/pictos-objetos/ropa.svg,Mulberry Symbols,clothes_generic,https://github.com/mulberrysymbols/mulberry-symbols/blob/master/EN/clothes_generic.svg,CC BY-SA 4.0,"Mulberry Symbols © Garry Paxton 2008-2017, © Steve Lee 2018-2026",funcional (en botón) o informativa (en hoja); siempre junto a su texto,"alt="""" porque el texto visible dice lo mismo",Ropa usada | Sujetar la tela | Dejarlo todo junto | Sacar la ropa | Separar lo limpio de lo sucio | Ropa blanca | Ropa de color | Ropa delicada | Sacudirla | Coger una prenda | Ropa preparada,Worn clothes | Hold the fabric | Put it all together | Take out the clothes | Sort clean from dirty | Whites | Colours | Delicates | Shake it out | Take one item | Clothes ready,juego:recoge-la-habitacion juego:empareja-sitio-objeto juego:que-viene-atarse-los-cordones juego:ordena-abrochar-botones juego:que-viene-abrochar-botones juego:ordena-elegir-la-ropa juego:que-viene-elegir-la-ropa juego:ordena-preparar-la-ropa-del-dia-siguiente juego:que-viene-preparar-la-ropa-del-dia-siguiente juego:ordena-quitarse-la-ropa-y-dejarla-en-su-sitio juego:que-falta-quitarse-la-ropa-y-dejarla-en-su-sitio juego:que-viene-preparar-la-mochila juego:que-viene-salir-a-tiempo juego:que-falta-hacer-la-cama juego:ordena-clasificar-la-ropa juego:que-falta-clasificar-la-ropa juego:ordena-tender-la-ropa juego:que-falta-tender-la-ropa juego:ordena-doblar-la-ropa juego:que-falta-doblar-la-ropa juego:que-viene-subir-y-bajar-del-autobus-o-metro juego:ordena-dejar-preparadas-las-cosas-del-dia-siguiente juego:que-falta-dejar-preparadas-las-cosas-del-dia-siguiente juego:que-viene-descansar-antes-de-agotarte imprimible:rutina-elegir-la-ropa imprimible:rutina-preparar-la-ropa-del-dia-siguiente imprimible:rutina-quitarse-la-ropa-y-dejarla-en-su-sitio imprimible:rutina-clasificar-la-ropa imprimible:rutina-tender-la-ropa imprimible:rutina-dejar-preparadas-las-cosas-del-dia-siguiente
/assets/pictogramas/pictos-objetos/sandalias.svg,Mulberry Symbols,sandals,https://github.com/mulberrysymbols/mulberry-symbols/blob/master/EN/sandals.svg,CC BY-SA 4.0,"Mulberry Symbols © Garry Paxton 2008-2017, © Steve Lee 2018-2026",funcional (en botón) o informativa (en hoja); siempre junto a su texto,"alt="""" porque el texto visible dice lo mismo",Sandalias,Sandals,juego:vistete-lluvia juego:vistete-para-el-tiempo
/assets/pictogramas/pictos-objetos/television.svg,Mulberry Symbols,flatscreen_tv,https://github.com/mulberrysymbols/mulberry-symbols/blob/master/EN/flatscreen_tv.svg,CC BY-SA 4.0,"Mulberry Symbols © Garry Paxton 2008-2017, © Steve Lee 2018-2026",funcional (en botón) o informativa (en hoja); siempre junto a su texto,"alt="""" porque el texto visible dice lo mismo",Una tele,A TV,juego:prepara-tu-mochila juego:intruso-compra juego:mochila-del-finde juego:que-falta-al-salir juego:intruso-escritorio juego:la-compra juego:preparar-una-cita-medica
/assets/pictogramas/pictos/abrazo.svg,Mulberry Symbols,"hug_,_to","https://github.com/mulberrysymbols/mulberry-symbols/blob/master/EN/hug_,_to.svg",CC BY-SA 4.0,"Mulberry Symbols © Garry Paxton 2008-2017, © Steve Lee 2018-2026",funcional (en botón) o informativa (en hoja); siempre junto a su texto,"alt="""" porque el texto visible dice lo mismo",Abrazo,Hug,
/assets/pictogramas/pictos/abrigo.svg,Mulberry Symbols,coat,https://github.com/mulberrysymbols/mulberry-symbols/blob/master/EN/coat.svg,CC BY-SA 4.0,"Mulberry Symbols © Garry Paxton 2008-2017, © Steve Lee 2018-2026",funcional (en botón) o informativa (en hoja); siempre junto a su texto,"alt="""" porque el texto visible dice lo mismo",Abrigo,Coat,juego:donde-pasa-esto juego:vistete-para-el-tiempo
/assets/pictogramas/pictos/agua.svg,Mulberry Symbols,water,https://github.com/mulberrysymbols/mulberry-symbols/blob/master/EN/water.svg,CC BY-SA 4.0,"Mulberry Symbols © Garry Paxton 2008-2017, © Steve Lee 2018-2026",funcional (en botón) o informativa (en hoja); siempre junto a su texto,"alt="""" porque el texto visible dice lo mismo",Enjuagarse con agua | Aclararse | Aclarar con agua | Poner agua,Rinse with water | Rinse off | Give water,juego:ordena-la-ducha juego:que-falta-dientes juego:dos-rutinas-mezcladas juego:lavarse-las-manos juego:ordena-cuidar-a-un-animal-de-compania juego:que-falta-cuidar-a-un-animal-de-compania imprimible:lavarse-los-dientes imprimible:lavarse-las-manos imprimible:ducharse imprimible:rutina-cuidar-a-un-animal-de-compania
/assets/pictogramas/pictos/andar.svg,Mulberry Symbols,"walk_,_to","https://github.com/mulberrysymbols/mulberry-symbols/blob/master/EN/walk_,_to.svg",CC BY-SA 4.0,"Mulberry Symbols © Garry Paxton 2008-2017, © Steve Lee 2018-2026",funcional (en botón) o informativa (en hoja); siempre junto a su texto,"alt="""" porque el texto visible dice lo mismo",Cruzar andando | Dar un paseo | Ir al aula nueva | Ir andando o en transporte | Avanzar cuando avance la fila | Ir hacia allí,Walk across | Go for a walk | Walk to the next classroom | Walk or take transport | Move when the queue moves | Walk towards it,juego:cruzar-bien juego:construye-tu-tarde juego:primero-despues juego:cambiar-de-aula juego:ordena-transicion-casa-escuela-o-trabajo juego:que-viene-transicion-casa-escuela-o-trabajo juego:ordena-cruzar-por-el-paso-de-peatones juego:que-viene-cruzar-por-el-paso-de-peatones juego:ordena-esperar-el-turno juego:que-falta-esperar-el-turno juego:ordena-orientarse-en-un-lugar-conocido juego:que-falta-orientarse-en-un-lugar-conocido imprimible:cruzar-la-calle imprimible:rutina-transicion-casa-escuela-o-trabajo imprimible:rutina-cruzar-por-el-paso-de-peatones imprimible:rutina-esperar-el-turno imprimible:rutina-orientarse-en-un-lugar-conocido
/assets/pictogramas/pictos/auriculares.svg,Mulberry Symbols,headphones,https://github.com/mulberrysymbols/mulberry-symbols/blob/master/EN/headphones.svg,CC BY-SA 4.0,"Mulberry Symbols © Garry Paxton 2008-2017, © Steve Lee 2018-2026",funcional (en botón) o informativa (en hoja); siempre junto a su texto,"alt="""" porque el texto visible dice lo mismo",Auriculares (si te ayudan) | Ponerse protección auditiva si hace falta | Ponerse los auriculares | Llevar auriculares o gafas de sol,Headphones (if they help) | Use ear protection if you need it | Put on your headphones | Take headphones or sunglasses,juego:preparar-una-cita-medica juego:que-viene-vestirse-por-orden juego:que-falta-recoger-la-mesa juego:ordena-pasar-la-aspiradora juego:que-falta-pasar-la-aspiradora juego:ordena-salir-del-sitio-cuando-hay-sobrecarga juego:que-viene-salir-del-sitio-cuando-hay-sobrecarga juego:ordena-prepararse-para-el-dentista juego:que-viene-prepararse-para-el-dentista imprimible:rutina-pasar-la-aspiradora imprimible:rutina-salir-del-sitio-cuando-hay-sobrecarga imprimible:rutina-prepararse-para-el-dentista
/assets/pictogramas/pictos/autobus.svg,Mulberry Symbols,bus,https://github.com/mulberrysymbols/mulberry-symbols/blob/master/EN/bus.svg,CC BY-SA 4.0,"Mulberry Symbols © Garry Paxton 2008-2017, © Steve Lee 2018-2026",funcional (en botón) o informativa (en hoja); siempre junto a su texto,"alt="""" porque el texto visible dice lo mismo",Mirar cómo llegar | Mirar la línea y la parada | Bajar en tu parada | Subir | Ir,Check how to get there | Check the line and the stop | Get off at your stop | Get on | Travel there | Go,juego:planificar-una-quedada juego:primero-guardar-los-objetos-en-su-lugar juego:ordena-usar-el-transporte-publico juego:que-viene-usar-el-transporte-publico juego:ordena-subir-y-bajar-del-autobus-o-metro juego:que-viene-subir-y-bajar-del-autobus-o-metro juego:ordena-ir-a-una-cita-medica juego:que-viene-ir-a-una-cita-medica juego:ordena-prepararse-para-el-dentista juego:que-viene-prepararse-para-el-dentista imprimible:rutina-usar-el-transporte-publico imprimible:rutina-subir-y-bajar-del-autobus-o-metro imprimible:rutina-prepararse-para-el-dentista
/assets/pictogramas/pictos/bano.svg,Mulberry Symbols,toilet,https://github.com/mulberrysymbols/mulberry-symbols/blob/master/EN/toilet.svg,CC BY-SA 4.0,"Mulberry Symbols © Garry Paxton 2008-2017, © Steve Lee 2018-2026",funcional (en botón) o informativa (en hoja); siempre junto a su texto,"alt="""" porque el texto visible dice lo mismo",Ir al baño | Baño | Usar el váter | Cambiar en el baño | Ir al baño si hace falta,Go to the toilet | Bathroom | Use the toilet | Change in the toilet | Go to the toilet if you need to,juego:que-viene-manana juego:construye-tu-manana juego:checklist-noche juego:donde-pasa-esto juego:ordena-ir-al-bano juego:que-viene-ir-al-bano juego:ordena-cuidado-menstrual juego:que-viene-cuidado-menstrual juego:ordena-volver-a-la-cama-si-te-despiertas juego:que-viene-volver-a-la-cama-si-te-despiertas imprimible:manana-para-salir imprimible:rutina-cuidado-menstrual imprimible:rutina-volver-a-la-cama-si-te-despiertas
/assets/pictogramas/pictos/beber.svg,Mulberry Symbols,"drink_,_to","https://github.com/mulberrysymbols/mulberry-symbols/blob/master/EN/drink_,_to.svg",CC BY-SA 4.0,"Mulberry Symbols © Garry Paxton 2008-2017, © Steve Lee 2018-2026",funcional (en botón) o informativa (en hoja); siempre junto a su texto,"alt="""" porque el texto visible dice lo mismo",Beber agua antes | Vaso de agua | Beber | Meter la bebida | Beber por la mañana | Beber al mediodía | Beber por la tarde | Poner agua | Beber agua | Beber un poco de agua | Tomarla con agua,Drink some water first | Glass of water | Drink | Put in the drink | Drink in the morning | Drink at midday | Drink in the afternoon | Put water there | Drink water | Drink a little water | Take it with water,juego:busca-lo-que-necesitas-para-salir juego:ordena-desayunar juego:que-viene-desayunar juego:ordena-preparar-la-comida-para-llevar juego:que-viene-preparar-la-comida-para-llevar juego:ordena-beber-agua-a-lo-largo-del-dia juego:que-falta-beber-agua-a-lo-largo-del-dia juego:ordena-preparar-el-escritorio juego:que-falta-preparar-el-escritorio juego:ordena-transicion-descanso-trabajo juego:que-viene-transicion-descanso-trabajo juego:ordena-volver-a-la-cama-si-te-despiertas juego:que-viene-volver-a-la-cama-si-te-despiertas juego:ordena-tomar-la-medicacion juego:que-falta-tomar-la-medicacion imprimible:rutina-desayunar imprimible:rutina-preparar-la-comida-para-llevar imprimible:rutina-beber-agua-a-lo-largo-del-dia imprimible:rutina-preparar-el-escritorio imprimible:rutina-transicion-descanso-trabajo imprimible:rutina-volver-a-la-cama-si-te-despiertas imprimible:rutina-tomar-la-medicacion
/assets/pictogramas/pictos/bici.svg,Mulberry Symbols,bicycle,https://github.com/mulberrysymbols/mulberry-symbols/blob/master/EN/bicycle.svg,CC BY-SA 4.0,"Mulberry Symbols © Garry Paxton 2008-2017, © Steve Lee 2018-2026",funcional (en botón) o informativa (en hoja); siempre junto a su texto,"alt="""" porque el texto visible dice lo mismo",La bici,The bike,juego:prepara-tu-mochila juego:preparar-una-cita-medica
/assets/pictogramas/pictos/calendario.svg,Mulberry Symbols,calendar,https://github.com/mulberrysymbols/mulberry-symbols/blob/master/EN/calendar.svg,CC BY-SA 4.0,"Mulberry Symbols © Garry Paxton 2008-2017, © Steve Lee 2018-2026",funcional (en botón) o informativa (en hoja); siempre junto a su texto,"alt="""" porque el texto visible dice lo mismo",Dos días fuera | Mañana | Esta semana | Proponer otro día | Otro día | Mirar qué vas a hacer hoy | Mirar el calendario | Mirar el horario | Mirar el día y la hora | Mirar lo que hay que hacer | Mirar el día | Mirar a mitad de semana | Mirar qué va a cambiar,Two days away | Tomorrow | This week | Suggest another day | Another day | Check what you are doing today | Check the calendar | Check the timetable | Look at the timetable | Check the day and time | Look at what has to be done | Check the day | Check midweek | Look at what will change,juego:mochila-del-finde juego:organizar-los-deberes juego:cambio-de-plan juego:demasiadas-tareas juego:ordena-elegir-la-ropa juego:que-viene-elegir-la-ropa juego:ordena-cuidado-menstrual juego:que-viene-cuidado-menstrual juego:ordena-preparar-la-mochila juego:que-viene-preparar-la-mochila juego:que-viene-transicion-casa-escuela-o-trabajo juego:que-viene-usar-el-microondas-con-seguridad juego:que-viene-poner-la-lavadora juego:que-falta-preparar-el-escritorio juego:ordena-seguir-un-horario-del-dia juego:que-viene-seguir-un-horario-del-dia juego:ordena-ir-a-una-cita-medica juego:que-viene-ir-a-una-cita-medica juego:que-falta-seguir-una-cuenta-atras-visual juego:ordena-organizar-la-secuencia-de-la-tarde juego:que-falta-organizar-la-secuencia-de-la-tarde juego:ordena-prepararse-para-el-dentista juego:que-viene-prepararse-para-el-dentista juego:ordena-manejar-el-dinero-de-la-semana juego:que-viene-manejar-el-dinero-de-la-semana juego:ordena-prepararse-para-un-cambio-previsto juego:que-viene-prepararse-para-un-cambio-previsto imprimible:rutina-elegir-la-ropa imprimible:rutina-cuidado-menstrual imprimible:rutina-seguir-un-horario-del-dia imprimible:rutina-organizar-la-secuencia-de-la-tarde imprimible:rutina-prepararse-para-el-dentista imprimible:rutina-manejar-el-dinero-de-la-semana imprimible:rutina-prepararse-para-un-cambio-previsto
/assets/pictogramas/pictos/cama.svg,Mulberry Symbols,bed_time,https://github.com/mulberrysymbols/mulberry-symbols/blob/master/EN/bed_time.svg,CC BY-SA 4.0,"Mulberry Symbols © Garry Paxton 2008-2017, © Steve Lee 2018-2026",funcional (en botón) o informativa (en hoja); siempre junto a su texto,"alt="""" porque el texto visible dice lo mismo",Cama | Dormitorio | Sentarse en la cama | Estirar la sábana | Dejarlo en la cama | Ir a la cama | Taparse | Volver a la cama,Bed | Bedroom | Sit up in bed | Straighten the sheet | Leave it on the bed | Go to bed | Get under the covers | Go back to bed,juego:checklist-noche juego:donde-pasa-esto juego:ordena-levantarse juego:que-viene-levantarse juego:ordena-hacer-la-cama juego:que-falta-hacer-la-cama juego:que-falta-clasificar-la-ropa juego:que-viene-pagar juego:ordena-preparar-el-pijama juego:primero-preparar-el-pijama juego:ordena-acostarse juego:que-falta-acostarse juego:ordena-volver-a-la-cama-si-te-despiertas juego:que-viene-volver-a-la-cama-si-te-despiertas juego:que-viene-contestar-a-la-puerta-o-al-telefono imprimible:rutina-levantarse imprimible:rutina-hacer-la-cama imprimible:rutina-preparar-el-pijama imprimible:rutina-acostarse imprimible:rutina-volver-a-la-cama-si-te-despiertas
/assets/pictogramas/pictos/carpeta.svg,Mulberry Symbols,computer_folder,https://github.com/mulberrysymbols/mulberry-symbols/blob/master/EN/computer_folder.svg,CC BY-SA 4.0,"Mulberry Symbols © Garry Paxton 2008-2017, © Steve Lee 2018-2026",funcional (en botón) o informativa (en hoja); siempre junto a su texto,"alt="""" porque el texto visible dice lo mismo",Carpeta | Carpeta de la cita | Abrir la carpeta | Preparar una reunión | Guardar,Folder | Appointment folder | Open the folder | Prepare for a meeting | Keep,juego:prepara-tu-mochila juego:intruso-escritorio juego:empieza-por-uno juego:preparar-una-cita-medica juego:demasiadas-tareas juego:ordenar-papeles imprimible:preparar-la-mochila
/assets/pictogramas/pictos/cenar.svg,Mulberry Symbols,dinner,https://github.com/mulberrysymbols/mulberry-symbols/blob/master/EN/dinner.svg,CC BY-SA 4.0,"Mulberry Symbols © Garry Paxton 2008-2017, © Steve Lee 2018-2026",funcional (en botón) o informativa (en hoja); siempre junto a su texto,"alt="""" porque el texto visible dice lo mismo",Cenar | Cenar algo fácil,Have dinner | Eat something simple,juego:que-viene-manana juego:construye-tu-tarde juego:primero-despues juego:que-viene-noche juego:despues-de-un-dia-dificil imprimible:noche-antes-de-dormir imprimible:volver-a-casa
/assets/pictogramas/pictos/coche.svg,Mulberry Symbols,car,https://github.com/mulberrysymbols/mulberry-symbols/blob/master/EN/car.svg,CC BY-SA 4.0,"Mulberry Symbols © Garry Paxton 2008-2017, © Steve Lee 2018-2026",funcional (en botón) o informativa (en hoja); siempre junto a su texto,"alt="""" porque el texto visible dice lo mismo",Coche,Car,juego:busca-lo-del-bano
/assets/pictogramas/pictos/colegio.svg,Mulberry Symbols,school,https://github.com/mulberrysymbols/mulberry-symbols/blob/master/EN/school.svg,CC BY-SA 4.0,"Mulberry Symbols © Garry Paxton 2008-2017, © Steve Lee 2018-2026",funcional (en botón) o informativa (en hoja); siempre junto a su texto,"alt="""" porque el texto visible dice lo mismo",Hoy hay clase | Llegar,There is school today | Arrive,juego:prepara-tu-mochila juego:ordena-transicion-casa-escuela-o-trabajo juego:que-viene-transicion-casa-escuela-o-trabajo imprimible:rutina-transicion-casa-escuela-o-trabajo
/assets/pictogramas/pictos/comer.svg,Mulberry Symbols,"eat_,_to","https://github.com/mulberrysymbols/mulberry-symbols/blob/master/EN/eat_,_to.svg",CC BY-SA 4.0,"Mulberry Symbols © Garry Paxton 2008-2017, © Steve Lee 2018-2026",funcional (en botón) o informativa (en hoja); siempre junto a su texto,"alt="""" porque el texto visible dice lo mismo",Al mediodía | Comer,At midday | Eat,juego:objeto-accion juego:antes-y-despues-de-comer juego:la-medicacion-de-hoy juego:ordena-desayunar juego:que-viene-desayunar juego:ordena-preparar-un-desayuno-sencillo juego:que-viene-preparar-un-desayuno-sencillo juego:ordena-usar-el-microondas-con-seguridad juego:que-viene-usar-el-microondas-con-seguridad imprimible:poner-y-recoger-la-mesa imprimible:rutina-desayunar imprimible:rutina-preparar-un-desayuno-sencillo imprimible:rutina-usar-el-microondas-con-seguridad
/assets/pictogramas/pictos/comida.svg,Mulberry Symbols,lunch_1,https://github.com/mulberrysymbols/mulberry-symbols/blob/master/EN/lunch_1.svg,CC BY-SA 4.0,"Mulberry Symbols © Garry Paxton 2008-2017, © Steve Lee 2018-2026",funcional (en botón) o informativa (en hoja); siempre junto a su texto,"alt="""" porque el texto visible dice lo mismo",Almuerzo,Packed lunch,juego:prepara-tu-mochila imprimible:preparar-la-mochila
/assets/pictogramas/pictos/desayunar.svg,Mulberry Symbols,breakfast_1,https://github.com/mulberrysymbols/mulberry-symbols/blob/master/EN/breakfast_1.svg,CC BY-SA 4.0,"Mulberry Symbols © Garry Paxton 2008-2017, © Steve Lee 2018-2026",funcional (en botón) o informativa (en hoja); siempre junto a su texto,"alt="""" porque el texto visible dice lo mismo",Desayunar | Preparar el desayuno,Have breakfast | Make breakfast,juego:que-viene-manana juego:construye-tu-manana juego:cual-es-el-primero juego:manana-de-lluvia juego:checklist-manana juego:que-viene-noche juego:ordena-desayunar juego:que-viene-desayunar imprimible:manana-para-salir imprimible:desayuno-sencillo imprimible:rutina-desayunar
/assets/pictogramas/pictos/descansar.svg,Mulberry Symbols,"relax_,_to","https://github.com/mulberrysymbols/mulberry-symbols/blob/master/EN/relax_,_to.svg",CC BY-SA 4.0,"Mulberry Symbols © Garry Paxton 2008-2017, © Steve Lee 2018-2026",funcional (en botón) o informativa (en hoja); siempre junto a su texto,"alt="""" porque el texto visible dice lo mismo",Algo tranquilo | Descansar | Un minuto para respirar | Quedarte en casa y descansar | Respirar antes de llamar | Tumbarte un rato,Something calm | Rest | One minute to breathe | Stay home and rest | Breathe before calling | Lie down for a while,juego:construye-tu-tarde juego:primero-despues juego:la-ruta-del-medico juego:volver-del-descanso juego:preparar-una-cita-medica juego:cambio-de-plan juego:hacer-una-llamada juego:despues-de-un-dia-dificil imprimible:ir-a-una-cita-medica imprimible:hacer-una-llamada
/assets/pictogramas/pictos/despertarse.svg,Mulberry Symbols,"wake_up_,_to","https://github.com/mulberrysymbols/mulberry-symbols/blob/master/EN/wake_up_,_to.svg",CC BY-SA 4.0,"Mulberry Symbols © Garry Paxton 2008-2017, © Steve Lee 2018-2026",funcional (en botón) o informativa (en hoja); siempre junto a su texto,"alt="""" porque el texto visible dice lo mismo",Despertarse,Wake up,juego:que-viene-manana juego:construye-tu-manana juego:ordena-levantarse juego:que-viene-levantarse imprimible:manana-para-salir imprimible:rutina-levantarse
/assets/pictogramas/pictos/despues.svg,Mulberry Symbols,despues,https://github.com/mulberrysymbols/mulberry-symbols/blob/master/EN/despues.svg,CC BY-SA 4.0,"Mulberry Symbols © Garry Paxton 2008-2017, © Steve Lee 2018-2026",funcional (en botón) o informativa (en hoja); siempre junto a su texto,"alt="""" porque el texto visible dice lo mismo",Después: lo opcional | Hacer el paso siguiente | Después | Qué viene ahora | Mirar qué viene,Then: the optional | Do the next step | Next | What comes next | Look at what comes next | Then,juego:ordena-salir-a-tiempo juego:que-viene-salir-a-tiempo juego:ordena-seguir-una-receta-visual-sencilla juego:que-viene-seguir-una-receta-visual-sencilla juego:ordena-seguir-un-horario-del-dia juego:que-viene-seguir-un-horario-del-dia juego:ordena-terminar-una-actividad juego:que-falta-terminar-una-actividad juego:ordena-cambiar-de-tarea juego:que-viene-cambiar-de-tarea juego:primero-primero-despues imprimible:rutina-salir-a-tiempo imprimible:rutina-seguir-una-receta-visual-sencilla imprimible:rutina-seguir-un-horario-del-dia imprimible:rutina-terminar-una-actividad imprimible:rutina-cambiar-de-tarea imprimible:rutina-primero-despues
/assets/pictogramas/pictos/dinero.svg,Mulberry Symbols,money,https://github.com/mulberrysymbols/mulberry-symbols/blob/master/EN/money.svg,CC BY-SA 4.0,"Mulberry Symbols © Garry Paxton 2008-2017, © Steve Lee 2018-2026",funcional (en botón) o informativa (en hoja); siempre junto a su texto,"alt="""" porque el texto visible dice lo mismo",Llevar dinero | Pagar una factura | Por pagar | Pagar | Mirar el importe | Coger el cambio | Guardar el cambio | Mirar cuánto tienes | Lo que queda es lo libre,Take some money | Pay a bill | To pay | Pay | Look at the amount | Take the change | Put the change away | See how much you have | What is left is free to spend,juego:planificar-una-quedada juego:demasiadas-tareas juego:ordenar-papeles juego:que-viene-separar-para-reciclar juego:ordena-comprar-en-una-tienda juego:que-viene-comprar-en-una-tienda juego:ordena-pagar juego:que-viene-pagar juego:ordena-guardar-el-ticket-y-el-cambio juego:primero-guardar-el-ticket-y-el-cambio juego:que-falta-prepararse-para-salir juego:ordena-manejar-el-dinero-de-la-semana juego:que-viene-manejar-el-dinero-de-la-semana juego:ordena-recargar-el-abono-de-transporte juego:que-falta-recargar-el-abono-de-transporte imprimible:rutina-comprar-en-una-tienda imprimible:rutina-pagar imprimible:rutina-guardar-el-ticket-y-el-cambio imprimible:rutina-manejar-el-dinero-de-la-semana imprimible:rutina-recargar-el-abono-de-transporte
/assets/pictogramas/pictos/ducharse.svg,Mulberry Symbols,"shower_1_,_to","https://github.com/mulberrysymbols/mulberry-symbols/blob/master/EN/shower_1_,_to.svg",CC BY-SA 4.0,"Mulberry Symbols © Garry Paxton 2008-2017, © Steve Lee 2018-2026",funcional (en botón) o informativa (en hoja); siempre junto a su texto,"alt="""" porque el texto visible dice lo mismo",Mojarse en la ducha | Darte una ducha,Get wet in the shower | Have a shower,juego:ordena-la-ducha juego:construye-tu-manana juego:despues-de-un-dia-dificil imprimible:ducharse
/assets/pictogramas/pictos/escribir.svg,Mulberry Symbols,"write_,_to","https://github.com/mulberrysymbols/mulberry-symbols/blob/master/EN/write_,_to.svg",CC BY-SA 4.0,"Mulberry Symbols © Garry Paxton 2008-2017, © Steve Lee 2018-2026",funcional (en botón) o informativa (en hoja); siempre junto a su texto,"alt="""" porque el texto visible dice lo mismo",Escribir el trabajo entero | Escribir una redacción | Apuntar lo que vas a decir | Hacer la lista | Poner tu nombre | Anotar lo acordado | Anotar lo que te han dicho,Write the whole piece | Write an essay | Note down what you will say | Write the list | Put your name on it | Write down what you agreed | Write down what you were told,juego:empieza-por-uno juego:organizar-los-deberes juego:hacer-una-llamada juego:ordena-entregar-una-tarea juego:que-falta-entregar-una-tarea juego:ordena-pedir-una-adaptacion-o-ayuda juego:que-falta-pedir-una-adaptacion-o-ayuda juego:ordena-ir-a-una-cita-medica juego:que-viene-ir-a-una-cita-medica imprimible:hacer-la-compra imprimible:hacer-una-llamada imprimible:rutina-entregar-una-tarea imprimible:rutina-pedir-una-adaptacion-o-ayuda
/assets/pictogramas/pictos/esperar.svg,Mulberry Symbols,"wait_,_to","https://github.com/mulberrysymbols/mulberry-symbols/blob/master/EN/wait_,_to.svg",CC BY-SA 4.0,"Mulberry Symbols © Garry Paxton 2008-2017, © Steve Lee 2018-2026",funcional (en botón) o informativa (en hoja); siempre junto a su texto,"alt="""" porque el texto visible dice lo mismo",Esperar | Sala de espera | Espero mi turno | Esperar en el andén | Dejar salir primero | Esperar a estar mejor,Wait | Waiting room | I wait my turn | Wait on the platform | Let people off first | Wait until you feel better,juego:esperar-el-turno juego:la-ruta-del-medico juego:la-compra juego:preparar-una-cita-medica juego:coger-el-tren juego:que-viene-levantarse juego:ordena-usar-el-microondas-con-seguridad juego:que-viene-usar-el-microondas-con-seguridad juego:que-falta-sacar-la-basura juego:ordena-esperar-el-turno juego:que-falta-esperar-el-turno juego:ordena-usar-el-transporte-publico juego:que-viene-usar-el-transporte-publico juego:ordena-subir-y-bajar-del-autobus-o-metro juego:que-viene-subir-y-bajar-del-autobus-o-metro juego:ordena-ir-a-una-cita-medica juego:que-viene-ir-a-una-cita-medica juego:ordena-salir-del-sitio-cuando-hay-sobrecarga juego:que-viene-salir-del-sitio-cuando-hay-sobrecarga juego:ordena-esperar juego:que-falta-esperar imprimible:coger-el-tren imprimible:ir-a-una-cita-medica imprimible:rutina-usar-el-microondas-con-seguridad imprimible:rutina-esperar-el-turno imprimible:rutina-usar-el-transporte-publico imprimible:rutina-subir-y-bajar-del-autobus-o-metro imprimible:rutina-salir-del-sitio-cuando-hay-sobrecarga imprimible:rutina-esperar
/assets/pictogramas/pictos/gafas.svg,Mulberry Symbols,glasses,https://github.com/mulberrysymbols/mulberry-symbols/blob/master/EN/glasses.svg,CC BY-SA 4.0,"Mulberry Symbols © Garry Paxton 2008-2017, © Steve Lee 2018-2026",funcional (en botón) o informativa (en hoja); siempre junto a su texto,"alt="""" porque el texto visible dice lo mismo",Gafas,Glasses,juego:busca-lo-que-necesitas-para-salir
/assets/pictogramas/pictos/hablar.svg,Mulberry Symbols,"talk_,_to","https://github.com/mulberrysymbols/mulberry-symbols/blob/master/EN/talk_,_to.svg",CC BY-SA 4.0,"Mulberry Symbols © Garry Paxton 2008-2017, © Steve Lee 2018-2026",funcional (en botón) o informativa (en hoja); siempre junto a su texto,"alt="""" porque el texto visible dice lo mismo",Te toca: hablar | Trabajo en grupo | Llamar y decirlo,Your turn: speak | Group project | Call and say it,juego:esperar-el-turno juego:organizar-los-deberes juego:hacer-una-llamada imprimible:hacer-una-llamada
/assets/pictogramas/pictos/hoy.svg,Mulberry Symbols,today,https://github.com/mulberrysymbols/mulberry-symbols/blob/master/EN/today.svg,CC BY-SA 4.0,"Mulberry Symbols © Garry Paxton 2008-2017, © Steve Lee 2018-2026",funcional (en botón) o informativa (en hoja); siempre junto a su texto,"alt="""" porque el texto visible dice lo mismo",Hoy,Today,juego:organizar-los-deberes
/assets/pictogramas/pictos/jugar.svg,Mulberry Symbols,"play_,_to","https://github.com/mulberrysymbols/mulberry-symbols/blob/master/EN/play_,_to.svg",CC BY-SA 4.0,"Mulberry Symbols © Garry Paxton 2008-2017, © Steve Lee 2018-2026",funcional (en botón) o informativa (en hoja); siempre junto a su texto,"alt="""" porque el texto visible dice lo mismo",Jugar,Play,juego:construye-tu-tarde juego:primero-despues
/assets/pictogramas/pictos/lavarse-la-cara.svg,Mulberry Symbols,"wash_face_,_to","https://github.com/mulberrysymbols/mulberry-symbols/blob/master/EN/wash_face_,_to.svg",CC BY-SA 4.0,"Mulberry Symbols © Garry Paxton 2008-2017, © Steve Lee 2018-2026",funcional (en botón) o informativa (en hoja); siempre junto a su texto,"alt="""" porque el texto visible dice lo mismo",Lavarse la cara | Mojar la piel | Aclarar,Wash your face | Wet your skin | Rinse,juego:checklist-noche juego:ordena-afeitarse-o-cuidado-personal juego:que-viene-afeitarse-o-cuidado-personal juego:ordena-higiene-nocturna juego:que-falta-higiene-nocturna imprimible:rutina-afeitarse-o-cuidado-personal imprimible:rutina-higiene-nocturna
/assets/pictogramas/pictos/lavarse-las-manos.svg,Mulberry Symbols,"wash_hands_,_to","https://github.com/mulberrysymbols/mulberry-symbols/blob/master/EN/wash_hands_,_to.svg",CC BY-SA 4.0,"Mulberry Symbols © Garry Paxton 2008-2017, © Steve Lee 2018-2026",funcional (en botón) o informativa (en hoja); siempre junto a su texto,"alt="""" porque el texto visible dice lo mismo",Lavarse las manos | Frotar las manos | Aclarar,Wash your hands | Rub your hands | Rinse,juego:objeto-accion juego:lavarse-las-manos juego:ordena-lavarse-las-manos juego:que-viene-lavarse-las-manos juego:ordena-ir-al-bano juego:que-viene-ir-al-bano juego:ordena-cuidado-menstrual juego:que-viene-cuidado-menstrual imprimible:lavarse-las-manos imprimible:ir-al-bano imprimible:rutina-cuidado-menstrual
/assets/pictogramas/pictos/lavarse-los-dientes.svg,Mulberry Symbols,"brush_teeth_,_to","https://github.com/mulberrysymbols/mulberry-symbols/blob/master/EN/brush_teeth_,_to.svg",CC BY-SA 4.0,"Mulberry Symbols © Garry Paxton 2008-2017, © Steve Lee 2018-2026",funcional (en botón) o informativa (en hoja); siempre junto a su texto,"alt="""" porque el texto visible dice lo mismo",Cepillarse los dientes | Cepillar los dientes | Lavarse los dientes,Brush your teeth,juego:que-falta-dientes juego:objeto-accion juego:construye-tu-manana juego:checklist-noche juego:dos-rutinas-mezcladas juego:primero-despues juego:checklist-manana juego:que-viene-noche juego:ordena-lavarse-los-dientes juego:que-viene-lavarse-los-dientes juego:ordena-higiene-nocturna juego:que-falta-higiene-nocturna imprimible:manana-para-salir imprimible:noche-antes-de-dormir imprimible:lavarse-los-dientes imprimible:rutina-higiene-nocturna
/assets/pictogramas/pictos/leer.svg,Mulberry Symbols,"read_,_to","https://github.com/mulberrysymbols/mulberry-symbols/blob/master/EN/read_,_to.svg",CC BY-SA 4.0,"Mulberry Symbols © Garry Paxton 2008-2017, © Steve Lee 2018-2026",funcional (en botón) o informativa (en hoja); siempre junto a su texto,"alt="""" porque el texto visible dice lo mismo",Leer un rato | Leer la primera pregunta | Leer dónde lo dejé | Leer un capítulo | Repasar lo estudiado | Leer el correo,Read for a while | Read the first question | Read where I left off | Read a chapter | Go over what you studied | Read the email,juego:construye-tu-tarde juego:primero-despues juego:empieza-por-uno juego:volver-del-descanso juego:organizar-los-deberes juego:estudiar-para-un-examen juego:responder-un-correo imprimible:responder-un-correo imprimible:estudiar-por-partes
/assets/pictogramas/pictos/levantarse.svg,Mulberry Symbols,"get_up_,_to","https://github.com/mulberrysymbols/mulberry-symbols/blob/master/EN/get_up_,_to.svg",CC BY-SA 4.0,"Mulberry Symbols © Garry Paxton 2008-2017, © Steve Lee 2018-2026",funcional (en botón) o informativa (en hoja); siempre junto a su texto,"alt="""" porque el texto visible dice lo mismo",Levantarse,Get up,juego:que-viene-manana juego:construye-tu-manana juego:manana-de-lluvia juego:checklist-manana imprimible:manana-para-salir
/assets/pictogramas/pictos/llaves.svg,Mulberry Symbols,key_1,https://github.com/mulberrysymbols/mulberry-symbols/blob/master/EN/key_1.svg,CC BY-SA 4.0,"Mulberry Symbols © Garry Paxton 2008-2017, © Steve Lee 2018-2026",funcional (en botón) o informativa (en hoja); siempre junto a su texto,"alt="""" porque el texto visible dice lo mismo",Llaves | Coger las llaves | Llaves en su sitio | Llaves y teléfono en su sitio,Keys | Take the keys | Keys in their place | Keys and phone in their place,juego:construye-tu-manana juego:donde-pasa-esto juego:pon-la-mesa juego:que-falta-al-salir juego:checklist-manana juego:salir-con-el-perro juego:preparar-la-noche-anterior juego:busca-lo-que-necesitas-para-salir juego:busca-lo-del-bano juego:que-viene-vestirse-por-orden juego:ordena-comprobar-llaves-telefono-y-documentos juego:que-viene-comprobar-llaves-telefono-y-documentos juego:que-falta-organizar-la-secuencia-de-la-tarde juego:ordena-dejar-preparadas-las-cosas-del-dia-siguiente juego:que-falta-dejar-preparadas-las-cosas-del-dia-siguiente imprimible:la-noche-anterior imprimible:rutina-comprobar-llaves-telefono-y-documentos imprimible:rutina-dejar-preparadas-las-cosas-del-dia-siguiente
/assets/pictogramas/pictos/lluvia.svg,Mulberry Symbols,rain,https://github.com/mulberrysymbols/mulberry-symbols/blob/master/EN/rain.svg,CC BY-SA 4.0,"Mulberry Symbols © Garry Paxton 2008-2017, © Steve Lee 2018-2026",funcional (en botón) o informativa (en hoja); siempre junto a su texto,"alt="""" porque el texto visible dice lo mismo",Hoy llueve,It is raining today,juego:vistete-lluvia juego:manana-de-lluvia juego:vistete-para-el-tiempo imprimible:vestirse-para-la-lluvia
/assets/pictogramas/pictos/manana.svg,Mulberry Symbols,tomorrow,https://github.com/mulberrysymbols/mulberry-symbols/blob/master/EN/tomorrow.svg,CC BY-SA 4.0,"Mulberry Symbols © Garry Paxton 2008-2017, © Steve Lee 2018-2026",funcional (en botón) o informativa (en hoja); siempre junto a su texto,"alt="""" porque el texto visible dice lo mismo",Por la mañana | Mirar el calendario de mañana,In the morning | Check tomorrow,juego:la-medicacion-de-hoy juego:ordena-preparar-la-ropa-del-dia-siguiente juego:que-viene-preparar-la-ropa-del-dia-siguiente juego:que-viene-cruzar-por-el-paso-de-peatones juego:que-viene-volver-a-la-cama-si-te-despiertas imprimible:rutina-preparar-la-ropa-del-dia-siguiente
/assets/pictogramas/pictos/medicacion.svg,Mulberry Symbols,medicine,https://github.com/mulberrysymbols/mulberry-symbols/blob/master/EN/medicine.svg,CC BY-SA 4.0,"Mulberry Symbols © Garry Paxton 2008-2017, © Steve Lee 2018-2026",funcional (en botón) o informativa (en hoja); siempre junto a su texto,"alt="""" porque el texto visible dice lo mismo",Medicación | Coger la medicación,Medication | Take the medicine,juego:la-medicacion-de-hoy juego:ordena-tomar-la-medicacion juego:que-falta-tomar-la-medicacion imprimible:rutina-tomar-la-medicacion
/assets/pictogramas/pictos/mochila.svg,Mulberry Symbols,school_bag,https://github.com/mulberrysymbols/mulberry-symbols/blob/master/EN/school_bag.svg,CC BY-SA 4.0,"Mulberry Symbols © Garry Paxton 2008-2017, © Steve Lee 2018-2026",funcional (en botón) o informativa (en hoja); siempre junto a su texto,"alt="""" porque el texto visible dice lo mismo",Mochila | Coger la mochila | Preparar el bolso | Cerrar la mochila | Coger tus cosas | Mochila preparada,Backpack | Take your backpack | Pack your bag | Close the bag | Take your bag | Take your things | Bag ready,juego:prepara-tu-mochila juego:construye-tu-manana juego:mochila-del-finde juego:checklist-manana juego:que-viene-noche juego:preparar-la-noche-anterior juego:ordena-preparar-la-mochila juego:que-viene-preparar-la-mochila juego:ordena-ponerse-el-abrigo-y-salir juego:que-viene-ponerse-el-abrigo-y-salir juego:ordena-prepararse-para-salir juego:que-falta-prepararse-para-salir juego:ordena-dejar-preparadas-las-cosas-del-dia-siguiente juego:que-falta-dejar-preparadas-las-cosas-del-dia-siguiente imprimible:manana-para-salir imprimible:preparar-la-mochila imprimible:la-noche-anterior imprimible:rutina-ponerse-el-abrigo-y-salir imprimible:rutina-prepararse-para-salir imprimible:rutina-dejar-preparadas-las-cosas-del-dia-siguiente
/assets/pictogramas/pictos/ordenador.svg,Mulberry Symbols,computer_1,https://github.com/mulberrysymbols/mulberry-symbols/blob/master/EN/computer_1.svg,CC BY-SA 4.0,"Mulberry Symbols © Garry Paxton 2008-2017, © Steve Lee 2018-2026",funcional (en botón) o informativa (en hoja); siempre junto a su texto,"alt="""" porque el texto visible dice lo mismo",Ordenador | Apagar la pantalla,Computer | Turn off the screen,juego:intruso-escritorio juego:ordena-apagar-pantallas-y-luces juego:que-falta-apagar-pantallas-y-luces imprimible:rutina-apagar-pantallas-y-luces
/assets/pictogramas/pictos/paraguas.svg,Mulberry Symbols,umbrella,https://github.com/mulberrysymbols/mulberry-symbols/blob/master/EN/umbrella.svg,CC BY-SA 4.0,"Mulberry Symbols © Garry Paxton 2008-2017, © Steve Lee 2018-2026",funcional (en botón) o informativa (en hoja); siempre junto a su texto,"alt="""" porque el texto visible dice lo mismo",Paraguas | Coger el paraguas,Umbrella | Take the umbrella,juego:vistete-lluvia juego:donde-pasa-esto juego:manana-de-lluvia juego:vistete-para-el-tiempo juego:busca-lo-que-necesitas-para-salir imprimible:vestirse-para-la-lluvia
/assets/pictogramas/pictos/peinarse.svg,Mulberry Symbols,"brush_hair_,_to","https://github.com/mulberrysymbols/mulberry-symbols/blob/master/EN/brush_hair_,_to.svg",CC BY-SA 4.0,"Mulberry Symbols © Garry Paxton 2008-2017, © Steve Lee 2018-2026",funcional (en botón) o informativa (en hoja); siempre junto a su texto,"alt="""" porque el texto visible dice lo mismo",Peinarse | Peinar,Brush your hair,juego:que-falta-dientes juego:objeto-accion juego:construye-tu-manana juego:ordena-peinarse juego:que-falta-peinarse imprimible:rutina-peinarse
/assets/pictogramas/pictos/perro.svg,Mulberry Symbols,dog,https://github.com/mulberrysymbols/mulberry-symbols/blob/master/EN/dog.svg,CC BY-SA 4.0,"Mulberry Symbols © Garry Paxton 2008-2017, © Steve Lee 2018-2026",funcional (en botón) o informativa (en hoja); siempre junto a su texto,"alt="""" porque el texto visible dice lo mismo",Llamar al perro,Call the dog,juego:salir-con-el-perro
/assets/pictogramas/pictos/pijama.svg,Mulberry Symbols,pyjamas,https://github.com/mulberrysymbols/mulberry-symbols/blob/master/EN/pyjamas.svg,CC BY-SA 4.0,"Mulberry Symbols © Garry Paxton 2008-2017, © Steve Lee 2018-2026",funcional (en botón) o informativa (en hoja); siempre junto a su texto,"alt="""" porque el texto visible dice lo mismo",Pijama | Ponerse el pijama | Sacar el pijama | Ponérselo | Ponerse algo cómodo,Pyjamas | Put on pyjamas | Take out your pyjamas | Put it on | Put on your pyjamas | Put on something comfortable,juego:que-viene-manana juego:objeto-accion juego:checklist-noche juego:donde-pasa-esto juego:mochila-del-finde juego:que-viene-noche juego:que-viene-preparar-la-comida-para-llevar juego:que-falta-esperar-el-turno juego:ordena-preparar-el-pijama juego:primero-preparar-el-pijama juego:ordena-higiene-nocturna juego:que-falta-higiene-nocturna juego:ordena-preparar-el-ambiente-de-descanso juego:que-viene-preparar-el-ambiente-de-descanso imprimible:noche-antes-de-dormir imprimible:rutina-preparar-el-pijama imprimible:rutina-higiene-nocturna imprimible:rutina-preparar-el-ambiente-de-descanso
/assets/pictogramas/pictos/preguntar.svg,Mulberry Symbols,"ask_,_to","https://github.com/mulberrysymbols/mulberry-symbols/blob/master/EN/ask_,_to.svg",CC BY-SA 4.0,"Mulberry Symbols © Garry Paxton 2008-2017, © Steve Lee 2018-2026",funcional (en botón) o informativa (en hoja); siempre junto a su texto,"alt="""" porque el texto visible dice lo mismo",Preguntar | Elegir a quién preguntar,Ask | Choose who to ask,juego:que-viene-ir-al-bano juego:que-falta-clasificar-la-ropa juego:ordena-pedir-una-adaptacion-o-ayuda juego:que-falta-pedir-una-adaptacion-o-ayuda imprimible:rutina-pedir-una-adaptacion-o-ayuda
/assets/pictogramas/pictos/primero.svg,Mulberry Symbols,primero,https://github.com/mulberrysymbols/mulberry-symbols/blob/master/EN/primero.svg,CC BY-SA 4.0,"Mulberry Symbols © Garry Paxton 2008-2017, © Steve Lee 2018-2026",funcional (en botón) o informativa (en hoja); siempre junto a su texto,"alt="""" porque el texto visible dice lo mismo",Primero: lo imprescindible | Hacer el paso 1 | Elegir el primer paso | Ordenar los trozos | Primer paso pequeño | Primero | Tu turno | Ponerlo en orden | Hacer el plan en pasos,First: the essentials | Do step one | Choose the first step | Put the pieces in order | One small first step | First | Your turn | Put it in order | Make the plan in steps,juego:ordena-salir-a-tiempo juego:que-viene-salir-a-tiempo juego:ordena-seguir-una-receta-visual-sencilla juego:que-viene-seguir-una-receta-visual-sencilla juego:ordena-empezar-una-tarea juego:que-viene-empezar-una-tarea juego:ordena-dividir-una-tarea-grande juego:que-viene-dividir-una-tarea-grande juego:ordena-transicion-descanso-trabajo juego:que-viene-transicion-descanso-trabajo juego:ordena-seguir-un-horario-del-dia juego:que-viene-seguir-un-horario-del-dia juego:que-viene-cruzar-por-el-paso-de-peatones juego:ordena-esperar-el-turno juego:que-falta-esperar-el-turno juego:ordena-organizar-la-secuencia-de-la-tarde juego:que-falta-organizar-la-secuencia-de-la-tarde juego:primero-primero-despues juego:ordena-prepararse-para-un-cambio-previsto juego:que-viene-prepararse-para-un-cambio-previsto imprimible:rutina-salir-a-tiempo imprimible:rutina-seguir-una-receta-visual-sencilla imprimible:rutina-dividir-una-tarea-grande imprimible:rutina-transicion-descanso-trabajo imprimible:rutina-seguir-un-horario-del-dia imprimible:rutina-esperar-el-turno imprimible:rutina-organizar-la-secuencia-de-la-tarde imprimible:rutina-primero-despues imprimible:rutina-prepararse-para-un-cambio-previsto
/assets/pictogramas/pictos/puerta.svg,Mulberry Symbols,front_door,https://github.com/mulberrysymbols/mulberry-symbols/blob/master/EN/front_door.svg,CC BY-SA 4.0,"Mulberry Symbols © Garry Paxton 2008-2017, © Steve Lee 2018-2026",funcional (en botón) o informativa (en hoja); siempre junto a su texto,"alt="""" porque el texto visible dice lo mismo",Entrada | Salir por la puerta | Salir del aula,Hallway | Go out of the door | Leave the classroom,juego:ruta-al-autobus juego:donde-pasa-esto juego:cambiar-de-aula imprimible:ir-en-autobus
/assets/pictogramas/pictos/recoger.svg,Mulberry Symbols,"tidy_up_,_to","https://github.com/mulberrysymbols/mulberry-symbols/blob/master/EN/tidy_up_,_to.svg",CC BY-SA 4.0,"Mulberry Symbols © Garry Paxton 2008-2017, © Steve Lee 2018-2026",funcional (en botón) o informativa (en hoja); siempre junto a su texto,"alt="""" porque el texto visible dice lo mismo",Recoger | Recoger el material,Tidy up | Pack up your things | Clear up,juego:cambio-de-actividad juego:cambiar-de-aula juego:ordena-desayunar juego:que-viene-desayunar juego:ordena-preparar-un-desayuno-sencillo juego:que-viene-preparar-un-desayuno-sencillo imprimible:rutina-desayunar imprimible:rutina-preparar-un-desayuno-sencillo
/assets/pictogramas/pictos/reloj.svg,Mulberry Symbols,clock,https://github.com/mulberrysymbols/mulberry-symbols/blob/master/EN/clock.svg,CC BY-SA 4.0,"Mulberry Symbols © Garry Paxton 2008-2017, © Steve Lee 2018-2026",funcional (en botón) o informativa (en hoja); siempre junto a su texto,"alt="""" porque el texto visible dice lo mismo","Reloj | Dos minutos más y cambiar | Más tarde, hoy | Poner la alarma | Suena la alarma | Ver la hora de salida | Elegir el momento | Ver cómo baja | Mirar la hora | Decidir si contestas ahora | Volver cuando puedas","Clock | Two more minutes, then change | Later today | Set the alarm | The alarm goes off | See the leaving time | Choose the moment | Watch it go down | Look at the time | Decide whether to answer now | Come back when you can",juego:cambio-de-actividad juego:demasiadas-tareas juego:preparar-la-noche-anterior juego:que-viene-abrochar-botones juego:que-falta-quitarse-la-ropa-y-dejarla-en-su-sitio juego:ordena-levantarse juego:que-viene-levantarse juego:ordena-salir-a-tiempo juego:que-viene-salir-a-tiempo juego:que-falta-tender-la-ropa juego:ordena-pedir-una-adaptacion-o-ayuda juego:que-falta-pedir-una-adaptacion-o-ayuda juego:que-falta-pedir-ayuda juego:que-viene-cambiar-de-tarea juego:ordena-seguir-una-cuenta-atras-visual juego:que-falta-seguir-una-cuenta-atras-visual juego:ordena-volver-a-la-cama-si-te-despiertas juego:que-viene-volver-a-la-cama-si-te-despiertas juego:ordena-contestar-a-la-puerta-o-al-telefono juego:que-viene-contestar-a-la-puerta-o-al-telefono juego:ordena-descansar-antes-de-agotarte juego:que-viene-descansar-antes-de-agotarte imprimible:la-noche-anterior imprimible:rutina-levantarse imprimible:rutina-salir-a-tiempo imprimible:rutina-pedir-una-adaptacion-o-ayuda imprimible:rutina-seguir-una-cuenta-atras-visual imprimible:rutina-volver-a-la-cama-si-te-despiertas imprimible:rutina-contestar-a-la-puerta-o-al-telefono imprimible:rutina-descansar-antes-de-agotarte
/assets/pictogramas/pictos/salir.svg,Mulberry Symbols,"exit_door_,_to","https://github.com/mulberrysymbols/mulberry-symbols/blob/master/EN/exit_door_,_to.svg",CC BY-SA 4.0,"Mulberry Symbols © Garry Paxton 2008-2017, © Steve Lee 2018-2026",funcional (en botón) o informativa (en hoja); siempre junto a su texto,"alt="""" porque el texto visible dice lo mismo",Salir de casa | Salir | Salir a la hora | Bajar en tu parada,Leave home | Leave | Leave on time | Get off at your stop,juego:construye-tu-manana juego:manana-de-lluvia juego:la-ruta-del-medico juego:que-viene-noche juego:planificar-una-quedada juego:coger-el-tren imprimible:manana-para-salir imprimible:vestirse-para-la-lluvia imprimible:coger-el-tren
/assets/pictogramas/pictos/sentarse.svg,Mulberry Symbols,"sit_,_to","https://github.com/mulberrysymbols/mulberry-symbols/blob/master/EN/sit_,_to.svg",CC BY-SA 4.0,"Mulberry Symbols © Garry Paxton 2008-2017, © Steve Lee 2018-2026",funcional (en botón) o informativa (en hoja); siempre junto a su texto,"alt="""" porque el texto visible dice lo mismo",Sentarse | Sentarse o agarrarse | Buscar sitio,Sit down | Sit or hold on | Find a place,juego:cambiar-de-aula juego:ordena-ponerse-y-quitarse-los-zapatos juego:que-viene-ponerse-y-quitarse-los-zapatos juego:ordena-transicion-descanso-trabajo juego:que-viene-transicion-descanso-trabajo juego:ordena-usar-el-transporte-publico juego:que-viene-usar-el-transporte-publico juego:ordena-subir-y-bajar-del-autobus-o-metro juego:que-viene-subir-y-bajar-del-autobus-o-metro juego:que-falta-higiene-nocturna imprimible:rutina-ponerse-y-quitarse-los-zapatos imprimible:rutina-transicion-descanso-trabajo imprimible:rutina-usar-el-transporte-publico imprimible:rutina-subir-y-bajar-del-autobus-o-metro
/assets/pictogramas/pictos/silencio.svg,Mulberry Symbols,quiet,https://github.com/mulberrysymbols/mulberry-symbols/blob/master/EN/quiet.svg,CC BY-SA 4.0,"Mulberry Symbols © Garry Paxton 2008-2017, © Steve Lee 2018-2026",funcional (en botón) o informativa (en hoja); siempre junto a su texto,"alt="""" porque el texto visible dice lo mismo",Un rato en silencio | Silenciar avisos | Salir a un sitio tranquilo | Bajar el ruido | Salir y hacer algo tranquilo | Ir a un sitio tranquilo,Some quiet time | Silence notifications | Go somewhere quiet | Lower the noise | Leave and do something calm,juego:despues-de-un-dia-dificil juego:que-viene-poner-la-lavadora juego:ordena-preparar-el-escritorio juego:que-falta-preparar-el-escritorio juego:primero-guardar-el-ticket-y-el-cambio juego:ordena-salir-del-sitio-cuando-hay-sobrecarga juego:que-viene-salir-del-sitio-cuando-hay-sobrecarga juego:ordena-preparar-el-ambiente-de-descanso juego:que-viene-preparar-el-ambiente-de-descanso juego:ordena-prepararse-para-el-dentista juego:que-viene-prepararse-para-el-dentista juego:ordena-descansar-antes-de-agotarte juego:que-viene-descansar-antes-de-agotarte imprimible:volver-a-casa imprimible:rutina-preparar-el-escritorio imprimible:rutina-salir-del-sitio-cuando-hay-sobrecarga imprimible:rutina-preparar-el-ambiente-de-descanso imprimible:rutina-prepararse-para-el-dentista imprimible:rutina-descansar-antes-de-agotarte
/assets/pictogramas/pictos/sol.svg,Mulberry Symbols,sun,https://github.com/mulberrysymbols/mulberry-symbols/blob/master/EN/sun.svg,CC BY-SA 4.0,"Mulberry Symbols © Garry Paxton 2008-2017, © Steve Lee 2018-2026",funcional (en botón) o informativa (en hoja); siempre junto a su texto,"alt="""" porque el texto visible dice lo mismo",Por la tarde | Hoy hace sol,In the afternoon | It is sunny today,juego:la-medicacion-de-hoy
/assets/pictogramas/pictos/tele.svg,Mulberry Symbols,"switch_on_television_,_to","https://github.com/mulberrysymbols/mulberry-symbols/blob/master/EN/switch_on_television_,_to.svg",CC BY-SA 4.0,"Mulberry Symbols © Garry Paxton 2008-2017, © Steve Lee 2018-2026",funcional (en botón) o informativa (en hoja); siempre junto a su texto,"alt="""" porque el texto visible dice lo mismo",Ver la tele | Apagar la pantalla | Tele,Watch TV | Turn off the screen | TV,juego:antes-de-dormir juego:construye-tu-tarde juego:primero-despues juego:busca-lo-que-necesitas-para-salir juego:busca-lo-del-bano imprimible:noche-antes-de-dormir
/assets/pictogramas/pictos/telefono.svg,Mulberry Symbols,mobile_phone,https://github.com/mulberrysymbols/mulberry-symbols/blob/master/EN/mobile_phone.svg,CC BY-SA 4.0,"Mulberry Symbols © Garry Paxton 2008-2017, © Steve Lee 2018-2026",funcional (en botón) o informativa (en hoja); siempre junto a su texto,"alt="""" porque el texto visible dice lo mismo",Móvil | Móvil con la cita | Hablar con quién vas | Dejar el móvil en otra habitación | Buscar el número | Pedir cita médica,Phone | Phone with the appointment | Agree who is going | Leave the phone in another room | Find the number | Book a doctor’s appointment,juego:que-falta-al-salir juego:preparar-una-cita-medica juego:planificar-una-quedada juego:tiempo-con-pantallas juego:hacer-una-llamada juego:demasiadas-tareas juego:busca-lo-que-necesitas-para-salir imprimible:hacer-una-llamada
/assets/pictogramas/pictos/terminado.svg,Mulberry Symbols,finish,https://github.com/mulberrysymbols/mulberry-symbols/blob/master/EN/finish.svg,CC BY-SA 4.0,"Mulberry Symbols © Garry Paxton 2008-2017, © Steve Lee 2018-2026",funcional (en botón) o informativa (en hoja); siempre junto a su texto,"alt="""" porque el texto visible dice lo mismo",Se acaba la actividad | Terminar | Listo | Parar y mirar qué llevas | Terminado | Parar en el bordillo | Terminar lo que estás haciendo | Parar | Despedirse,The activity is ending | Finish | Finished | Stop and check | Stop at the kerb | Finish what you are doing | Stop | Say goodbye,juego:cambio-de-actividad juego:ordena-atarse-los-cordones juego:que-viene-atarse-los-cordones juego:ordena-preparar-la-ropa-del-dia-siguiente juego:que-viene-preparar-la-ropa-del-dia-siguiente juego:ordena-lavarse-los-dientes juego:que-viene-lavarse-los-dientes juego:ordena-peinarse juego:que-falta-peinarse juego:ordena-cortarse-las-unas juego:que-viene-cortarse-las-unas juego:ordena-comprobar-llaves-telefono-y-documentos juego:que-viene-comprobar-llaves-telefono-y-documentos juego:ordena-recoger-la-mesa juego:que-falta-recoger-la-mesa juego:ordena-seguir-una-receta-visual-sencilla juego:que-viene-seguir-una-receta-visual-sencilla juego:ordena-hacer-la-cama juego:que-falta-hacer-la-cama juego:ordena-cuidar-a-un-animal-de-compania juego:que-falta-cuidar-a-un-animal-de-compania juego:ordena-empezar-una-tarea juego:que-viene-empezar-una-tarea juego:que-falta-entregar-una-tarea juego:ordena-seguir-un-horario-del-dia juego:que-viene-seguir-un-horario-del-dia juego:ordena-cruzar-por-el-paso-de-peatones juego:que-viene-cruzar-por-el-paso-de-peatones juego:ordena-prepararse-para-salir juego:que-falta-prepararse-para-salir juego:ordena-terminar-una-actividad juego:que-falta-terminar-una-actividad juego:ordena-cambiar-de-tarea juego:que-viene-cambiar-de-tarea juego:ordena-seguir-una-cuenta-atras-visual juego:que-falta-seguir-una-cuenta-atras-visual juego:ordena-dejar-preparadas-las-cosas-del-dia-siguiente juego:que-falta-dejar-preparadas-las-cosas-del-dia-siguiente juego:ordena-contestar-a-la-puerta-o-al-telefono juego:que-viene-contestar-a-la-puerta-o-al-telefono juego:ordena-descansar-antes-de-agotarte juego:que-viene-descansar-antes-de-agotarte imprimible:rutina-preparar-la-ropa-del-dia-siguiente imprimible:rutina-peinarse imprimible:rutina-comprobar-llaves-telefono-y-documentos imprimible:rutina-recoger-la-mesa imprimible:rutina-seguir-una-receta-visual-sencilla imprimible:rutina-hacer-la-cama imprimible:rutina-cuidar-a-un-animal-de-compania imprimible:rutina-seguir-un-horario-del-dia imprimible:rutina-cruzar-por-el-paso-de-peatones imprimible:rutina-prepararse-para-salir imprimible:rutina-terminar-una-actividad imprimible:rutina-cambiar-de-tarea imprimible:rutina-seguir-una-cuenta-atras-visual imprimible:rutina-dejar-preparadas-las-cosas-del-dia-siguiente imprimible:rutina-contestar-a-la-puerta-o-al-telefono imprimible:rutina-descansar-antes-de-agotarte
/assets/pictogramas/pictos/tienda.svg,Mulberry Symbols,shop,https://github.com/mulberrysymbols/mulberry-symbols/blob/master/EN/shop.svg,CC BY-SA 4.0,"Mulberry Symbols © Garry Paxton 2008-2017, © Steve Lee 2018-2026",funcional (en botón) o informativa (en hoja); siempre junto a su texto,"alt="""" porque el texto visible dice lo mismo",Tienda del barrio | Comprar pan | Buscar las cosas | Llevarla a la tienda,Local shop | Buy bread | Find the items | Take it to the shop,juego:intruso-compra juego:la-compra juego:demasiadas-tareas juego:ordena-comprar-en-una-tienda juego:que-viene-comprar-en-una-tienda juego:ordena-usar-una-lista-de-la-compra juego:que-falta-usar-una-lista-de-la-compra imprimible:hacer-la-compra imprimible:rutina-comprar-en-una-tienda imprimible:rutina-usar-una-lista-de-la-compra
/assets/pictogramas/pictos/tren.svg,Mulberry Symbols,train,https://github.com/mulberrysymbols/mulberry-symbols/blob/master/EN/train.svg,CC BY-SA 4.0,"Mulberry Symbols © Garry Paxton 2008-2017, © Steve Lee 2018-2026",funcional (en botón) o informativa (en hoja); siempre junto a su texto,"alt="""" porque el texto visible dice lo mismo",Tren | Subir al tren,Train | Get on the train,juego:coger-el-tren imprimible:coger-el-tren
/assets/pictogramas/pictos/vestirse.svg,Mulberry Symbols,"get_dressed_,_to","https://github.com/mulberrysymbols/mulberry-symbols/blob/master/EN/get_dressed_,_to.svg",CC BY-SA 4.0,"Mulberry Symbols © Garry Paxton 2008-2017, © Steve Lee 2018-2026",funcional (en botón) o informativa (en hoja); siempre junto a su texto,"alt="""" porque el texto visible dice lo mismo",Vestirse | Vestido,Get dressed | Dressed,juego:ordena-la-ducha juego:que-viene-manana juego:construye-tu-manana juego:manana-de-lluvia juego:checklist-manana juego:ordena-vestirse-por-orden juego:que-viene-vestirse-por-orden juego:ordena-ducharse juego:que-viene-ducharse imprimible:manana-para-salir imprimible:ducharse imprimible:rutina-vestirse-por-orden
/assets/pictogramas/propios/botella.svg,Iris Green (dibujo vectorial propio),botella,,© Iris Green,Iris Green,funcional (en botón) o informativa (en hoja); siempre junto a su texto,"alt="""" porque el texto visible dice lo mismo",Botella de agua,Water bottle,juego:prepara-tu-mochila juego:separa-para-reciclar juego:preparar-una-cita-medica imprimible:preparar-la-mochila
/assets/pictogramas/propios/caja.svg,Iris Green (dibujo vectorial propio),caja,,© Iris Green,Iris Green,funcional (en botón) o informativa (en hoja); siempre junto a su texto,"alt="""" porque el texto visible dice lo mismo",Mirar cuánto es | Pongo la compra en la caja,Check how much it is | I put the shopping on the till,juego:paga-y-guarda juego:la-compra
/assets/pictogramas/propios/cambio.svg,Iris Green (dibujo vectorial propio),cambio,,© Iris Green,Iris Green,funcional (en botón) o informativa (en hoja); siempre junto a su texto,"alt="""" porque el texto visible dice lo mismo",Coger el cambio,Take the change,juego:paga-y-guarda juego:la-compra
/assets/pictogramas/propios/cestacompra.svg,Iris Green (dibujo vectorial propio),cestacompra,,© Iris Green,Iris Green,funcional (en botón) o informativa (en hoja); siempre junto a su texto,"alt="""" porque el texto visible dice lo mismo",Cesta | Coger lo de la lista,Basket | Pick up what is on the list,juego:la-compra imprimible:hacer-la-compra
/assets/pictogramas/propios/cordones-a.svg,Iris Green (dibujo vectorial propio),cordones-a,,© Iris Green,Iris Green,funcional (en botón) o informativa (en hoja); siempre junto a su texto,"alt="""" porque el texto visible dice lo mismo",Cruzar los dos cordones | Cruzar los cordones,Cross the two laces | Cross the laces,juego:los-cordones juego:ordena-atarse-los-cordones juego:que-viene-atarse-los-cordones imprimible:atarse-los-cordones
/assets/pictogramas/propios/cordones-b.svg,Iris Green (dibujo vectorial propio),cordones-b,,© Iris Green,Iris Green,funcional (en botón) o informativa (en hoja); siempre junto a su texto,"alt="""" porque el texto visible dice lo mismo",Pasar uno por debajo y tirar | Pasar un cordón por debajo,Pass one underneath and pull | Pass one lace underneath,juego:los-cordones juego:ordena-atarse-los-cordones juego:que-viene-atarse-los-cordones imprimible:atarse-los-cordones
/assets/pictogramas/propios/cordones-c.svg,Iris Green (dibujo vectorial propio),cordones-c,,© Iris Green,Iris Green,funcional (en botón) o informativa (en hoja); siempre junto a su texto,"alt="""" porque el texto visible dice lo mismo",Hacer un lazo con un cordón | Hacer un lazo con cada cordón,Make a loop with one lace | Make a loop with each lace,juego:los-cordones juego:ordena-atarse-los-cordones juego:que-viene-atarse-los-cordones imprimible:atarse-los-cordones
/assets/pictogramas/propios/cordones-d.svg,Iris Green (dibujo vectorial propio),cordones-d,,© Iris Green,Iris Green,funcional (en botón) o informativa (en hoja); siempre junto a su texto,"alt="""" porque el texto visible dice lo mismo",Rodear el lazo con el otro,Wrap the other lace around the loop,juego:los-cordones imprimible:atarse-los-cordones
/assets/pictogramas/propios/cordones-e.svg,Iris Green (dibujo vectorial propio),cordones-e,,© Iris Green,Iris Green,funcional (en botón) o informativa (en hoja); siempre junto a su texto,"alt="""" porque el texto visible dice lo mismo",Pasar la punta por el hueco y tirar | Apretar,Push the tip through the gap and pull | Pull tight,juego:los-cordones juego:ordena-atarse-los-cordones juego:que-viene-atarse-los-cordones imprimible:atarse-los-cordones
/assets/pictogramas/propios/fila.svg,Iris Green (dibujo vectorial propio),fila,,© Iris Green,Iris Green,funcional (en botón) o informativa (en hoja); siempre junto a su texto,"alt="""" porque el texto visible dice lo mismo",Ponerse en la fila | Me pongo en la fila,Join the queue | I join the queue,juego:esperar-el-turno juego:la-compra imprimible:hacer-la-compra
/assets/pictogramas/propios/hito-parada.svg,Iris Green (dibujo vectorial propio),hito-parada,,© Iris Green,Iris Green,funcional (en botón) o informativa (en hoja); siempre junto a su texto,"alt="""" porque el texto visible dice lo mismo",Parada,Bus stop,juego:ruta-al-autobus imprimible:ir-en-autobus
/assets/pictogramas/propios/libro.svg,Iris Green (dibujo vectorial propio),libro,,© Iris Green,Iris Green,funcional (en botón) o informativa (en hoja); siempre junto a su texto,"alt="""" porque el texto visible dice lo mismo",Un libro,A book,juego:recoge-la-habitacion juego:empareja-sitio-objeto juego:intruso-escritorio
/assets/pictogramas/propios/papel.svg,Iris Green (dibujo vectorial propio),papel,,© Iris Green,Iris Green,funcional (en botón) o informativa (en hoja); siempre junto a su texto,"alt="""" porque el texto visible dice lo mismo",Papel arrugado | Publicidad,Crumpled paper | Junk mail,juego:recoge-la-habitacion juego:separa-para-reciclar juego:ordenar-papeles
/assets/pictogramas/propios/tarjeta-sanitaria.svg,Iris Green (dibujo vectorial propio),tarjeta-sanitaria,,© Iris Green,Iris Green,funcional (en botón) o informativa (en hoja); siempre junto a su texto,"alt="""" porque el texto visible dice lo mismo",Tarjeta sanitaria | Llevar la documentación,Health card | Take your documents,juego:que-falta-al-salir juego:preparar-una-cita-medica juego:ordena-ir-a-una-cita-medica juego:que-viene-ir-a-una-cita-medica imprimible:ir-a-una-cita-medica
/assets/pictogramas/propios/tarjeta.svg,Iris Green (dibujo vectorial propio),tarjeta,,© Iris Green,Iris Green,funcional (en botón) o informativa (en hoja); siempre junto a su texto,"alt="""" porque el texto visible dice lo mismo",Pagar | Tarjeta | Enseñar la tarjeta o el pictograma | Avisar o enseñar la tarjeta | Mirar el saldo,Pay | Card | Show your card or symbol | Tell someone or show your card | Check the balance,juego:paga-y-guarda juego:la-compra juego:que-viene-empezar-una-tarea juego:ordena-pedir-ayuda juego:que-falta-pedir-ayuda juego:ordena-salir-del-sitio-cuando-hay-sobrecarga juego:que-viene-salir-del-sitio-cuando-hay-sobrecarga juego:primero-primero-despues juego:ordena-recargar-el-abono-de-transporte juego:que-falta-recargar-el-abono-de-transporte imprimible:hacer-la-compra imprimible:rutina-pedir-ayuda imprimible:rutina-salir-del-sitio-cuando-hay-sobrecarga imprimible:rutina-recargar-el-abono-de-transporte
/assets/pictogramas/propios/ticket.svg,Iris Green (dibujo vectorial propio),ticket,,© Iris Green,Iris Green,funcional (en botón) o informativa (en hoja); siempre junto a su texto,"alt="""" porque el texto visible dice lo mismo",Guardar el ticket | Ticket de compra,Keep the receipt | Shopping receipt,juego:paga-y-guarda juego:la-compra juego:ordenar-papeles
/assets/pictogramas/vector-rutinas/afeitado-1.svg,Iris Green (dibujo vectorial propio),afeitado-1,,© Iris Green,Iris Green,funcional (en botón) o informativa (en hoja); siempre junto a su texto,"alt="""" porque el texto visible dice lo mismo",Poner la espuma,Apply shaving foam,imprimible:afeitarse
/assets/pictogramas/vector-rutinas/afeitado-2.svg,Iris Green (dibujo vectorial propio),afeitado-2,,© Iris Green,Iris Green,funcional (en botón) o informativa (en hoja); siempre junto a su texto,"alt="""" porque el texto visible dice lo mismo",Pasar la cuchilla hacia abajo,Shave downwards,imprimible:afeitarse
/assets/pictogramas/vector-rutinas/afeitado-3.svg,Iris Green (dibujo vectorial propio),afeitado-3,,© Iris Green,Iris Green,funcional (en botón) o informativa (en hoja); siempre junto a su texto,"alt="""" porque el texto visible dice lo mismo",Aclarar la cara,Rinse your face,imprimible:afeitarse
/assets/pictogramas/vector-rutinas/botones-1.svg,Iris Green (dibujo vectorial propio),botones-1,,© Iris Green,Iris Green,funcional (en botón) o informativa (en hoja); siempre junto a su texto,"alt="""" porque el texto visible dice lo mismo",Mirar el botón y el ojal,Look at the button and the buttonhole,juego:cremallera-y-botones imprimible:abrochar-botones
/assets/pictogramas/vector-rutinas/botones-2.svg,Iris Green (dibujo vectorial propio),botones-2,,© Iris Green,Iris Green,funcional (en botón) o informativa (en hoja); siempre junto a su texto,"alt="""" porque el texto visible dice lo mismo",Pasar el botón por el ojal,Push the button through the hole,juego:cremallera-y-botones imprimible:abrochar-botones
/assets/pictogramas/vector-rutinas/botones-3.svg,Iris Green (dibujo vectorial propio),botones-3,,© Iris Green,Iris Green,funcional (en botón) o informativa (en hoja); siempre junto a su texto,"alt="""" porque el texto visible dice lo mismo",Repetir con el siguiente,Repeat with the next one,juego:cremallera-y-botones imprimible:abrochar-botones
/assets/pictogramas/vector-rutinas/cargar-1.svg,Iris Green (dibujo vectorial propio),cargar-1,,© Iris Green,Iris Green,funcional (en botón) o informativa (en hoja); siempre junto a su texto,"alt="""" porque el texto visible dice lo mismo",Cargador del móvil,Phone charger,juego:mochila-del-finde
/assets/pictogramas/vector-rutinas/cargar-2.svg,Iris Green (dibujo vectorial propio),cargar-2,,© Iris Green,Iris Green,funcional (en botón) o informativa (en hoja); siempre junto a su texto,"alt="""" porque el texto visible dice lo mismo",Cargar el móvil,Charge your phone,juego:preparar-la-noche-anterior imprimible:la-noche-anterior
/assets/pictogramas/vector-rutinas/cocina.svg,Iris Green (dibujo vectorial propio),cocina,,© Iris Green,Iris Green,funcional (en botón) o informativa (en hoja); siempre junto a su texto,"alt="""" porque el texto visible dice lo mismo",Cocina,Kitchen,juego:donde-pasa-esto
/assets/pictogramas/vector-rutinas/contenedor-papel.svg,Iris Green (dibujo vectorial propio),contenedor-papel,,© Iris Green,Iris Green,funcional (en botón) o informativa (en hoja); siempre junto a su texto,"alt="""" porque el texto visible dice lo mismo",Papel y cartón,Paper and card,juego:separa-para-reciclar
/assets/pictogramas/vector-rutinas/contenedor-plastico.svg,Iris Green (dibujo vectorial propio),contenedor-plastico,,© Iris Green,Iris Green,funcional (en botón) o informativa (en hoja); siempre junto a su texto,"alt="""" porque el texto visible dice lo mismo","Plástico, latas y briks","Plastic, cans and cartons",juego:separa-para-reciclar
/assets/pictogramas/vector-rutinas/contenedor-vidrio.svg,Iris Green (dibujo vectorial propio),contenedor-vidrio,,© Iris Green,Iris Green,funcional (en botón) o informativa (en hoja); siempre junto a su texto,"alt="""" porque el texto visible dice lo mismo",Vidrio,Glass,
/assets/pictogramas/vector-rutinas/cremallera-1.svg,Iris Green (dibujo vectorial propio),cremallera-1,,© Iris Green,Iris Green,funcional (en botón) o informativa (en hoja); siempre junto a su texto,"alt="""" porque el texto visible dice lo mismo",Juntar las dos partes abajo,Join the two ends at the bottom,juego:cremallera-y-botones
/assets/pictogramas/vector-rutinas/cremallera-2.svg,Iris Green (dibujo vectorial propio),cremallera-2,,© Iris Green,Iris Green,funcional (en botón) o informativa (en hoja); siempre junto a su texto,"alt="""" porque el texto visible dice lo mismo",Sujetar la parte de abajo,Hold the bottom part,juego:cremallera-y-botones
/assets/pictogramas/vector-rutinas/cremallera-3.svg,Iris Green (dibujo vectorial propio),cremallera-3,,© Iris Green,Iris Green,funcional (en botón) o informativa (en hoja); siempre junto a su texto,"alt="""" porque el texto visible dice lo mismo",Subir la cremallera,Pull the zip up,juego:cremallera-y-botones
/assets/pictogramas/vector-rutinas/dar-las-gracias.svg,Iris Green (dibujo vectorial propio),dar-las-gracias,,© Iris Green,Iris Green,funcional (en botón) o informativa (en hoja); siempre junto a su texto,"alt="""" porque el texto visible dice lo mismo",Dar las gracias,Say thank you,
/assets/pictogramas/vector-rutinas/doblar-1.svg,Iris Green (dibujo vectorial propio),doblar-1,,© Iris Green,Iris Green,funcional (en botón) o informativa (en hoja); siempre junto a su texto,"alt="""" porque el texto visible dice lo mismo",Extender la prenda,Lay the garment flat,juego:doblar-la-ropa imprimible:doblar-la-ropa
/assets/pictogramas/vector-rutinas/doblar-2.svg,Iris Green (dibujo vectorial propio),doblar-2,,© Iris Green,Iris Green,funcional (en botón) o informativa (en hoja); siempre junto a su texto,"alt="""" porque el texto visible dice lo mismo",Mangas hacia dentro,Fold the sleeves in,juego:doblar-la-ropa imprimible:doblar-la-ropa
/assets/pictogramas/vector-rutinas/doblar-3.svg,Iris Green (dibujo vectorial propio),doblar-3,,© Iris Green,Iris Green,funcional (en botón) o informativa (en hoja); siempre junto a su texto,"alt="""" porque el texto visible dice lo mismo",Doblar por la mitad,Fold it in half,juego:doblar-la-ropa imprimible:doblar-la-ropa
/assets/pictogramas/vector-rutinas/elegir-actividad.svg,Iris Green (dibujo vectorial propio),elegir-actividad,,© Iris Green,Iris Green,funcional (en botón) o informativa (en hoja); siempre junto a su texto,"alt="""" porque el texto visible dice lo mismo",Empezar lo siguiente | Hacer otra cosa,Start the next thing | Do something else,juego:cambio-de-actividad juego:cambio-de-plan
/assets/pictogramas/vector-rutinas/envase-1.svg,Iris Green (dibujo vectorial propio),envase-1,,© Iris Green,Iris Green,funcional (en botón) o informativa (en hoja); siempre junto a su texto,"alt="""" porque el texto visible dice lo mismo",Buscar la pestaña,Find the tab,juego:abrir-un-envase
/assets/pictogramas/vector-rutinas/envase-2.svg,Iris Green (dibujo vectorial propio),envase-2,,© Iris Green,Iris Green,funcional (en botón) o informativa (en hoja); siempre junto a su texto,"alt="""" porque el texto visible dice lo mismo",Tirar de la pestaña,Pull the tab,juego:abrir-un-envase
/assets/pictogramas/vector-rutinas/envase-3.svg,Iris Green (dibujo vectorial propio),envase-3,,© Iris Green,Iris Green,funcional (en botón) o informativa (en hoja); siempre junto a su texto,"alt="""" porque el texto visible dice lo mismo",Ya está abierto,It is open,juego:abrir-un-envase
/assets/pictogramas/vector-rutinas/estirar-sabana.svg,Iris Green (dibujo vectorial propio),estirar-sabana,,© Iris Green,Iris Green,funcional (en botón) o informativa (en hoja); siempre junto a su texto,"alt="""" porque el texto visible dice lo mismo",Estirar la sábana,Smooth the sheet,juego:dos-rutinas-mezcladas
/assets/pictogramas/vector-rutinas/guardar-compra.svg,Iris Green (dibujo vectorial propio),guardar-compra,,© Iris Green,Iris Green,funcional (en botón) o informativa (en hoja); siempre junto a su texto,"alt="""" porque el texto visible dice lo mismo",Guardar la compra,Put the shopping away,imprimible:hacer-la-compra
/assets/pictogramas/vector-rutinas/hacerlo.svg,Iris Green (dibujo vectorial propio),hacerlo,,© Iris Green,Iris Green,funcional (en botón) o informativa (en hoja); siempre junto a su texto,"alt="""" porque el texto visible dice lo mismo",Hacerlo todo de una vez,Do it all in one go,juego:empieza-por-uno
/assets/pictogramas/vector-rutinas/mirar-envase.svg,Iris Green (dibujo vectorial propio),mirar-envase,,© Iris Green,Iris Green,funcional (en botón) o informativa (en hoja); siempre junto a su texto,"alt="""" porque el texto visible dice lo mismo",Mirar por dónde se abre,Look for where it opens,juego:abrir-un-envase
/assets/pictogramas/vector-rutinas/mirar-horario.svg,Iris Green (dibujo vectorial propio),mirar-horario,,© Iris Green,Iris Green,funcional (en botón) o informativa (en hoja); siempre junto a su texto,"alt="""" porque el texto visible dice lo mismo",Mirar el horario | Mirar qué toca,Look at the timetable | Check what comes next,juego:empieza-por-uno juego:cambio-de-actividad juego:cambiar-de-aula imprimible:preparar-la-mochila imprimible:empezar-una-tarea
/assets/pictogramas/vector-rutinas/mirar-mapa.svg,Iris Green (dibujo vectorial propio),mirar-mapa,,© Iris Green,Iris Green,funcional (en botón) o informativa (en hoja); siempre junto a su texto,"alt="""" porque el texto visible dice lo mismo",Elegir el sitio | Mirar las paradas,Choose the place | Check the stops,juego:planificar-una-quedada juego:coger-el-tren imprimible:coger-el-tren
/assets/pictogramas/vector-rutinas/monton-ropa.svg,Iris Green (dibujo vectorial propio),monton-ropa,,© Iris Green,Iris Green,funcional (en botón) o informativa (en hoja); siempre junto a su texto,"alt="""" porque el texto visible dice lo mismo",Hacer un montón,Make a pile,juego:doblar-la-ropa imprimible:doblar-la-ropa
/assets/pictogramas/vector-rutinas/organico.svg,Iris Green (dibujo vectorial propio),organico,,© Iris Green,Iris Green,funcional (en botón) o informativa (en hoja); siempre junto a su texto,"alt="""" porque el texto visible dice lo mismo",Orgánico,Food waste,juego:separa-para-reciclar
/assets/pictogramas/vector-rutinas/parar.svg,Iris Green (dibujo vectorial propio),parar,,© Iris Green,Iris Green,funcional (en botón) o informativa (en hoja); siempre junto a su texto,"alt="""" porque el texto visible dice lo mismo",Pararse en el bordillo | Parar ya y cambiar,Stop at the kerb | Stop now and change,juego:cruzar-bien juego:cambio-de-actividad imprimible:cruzar-la-calle
/assets/pictogramas/vector-rutinas/partir-trozos.svg,Iris Green (dibujo vectorial propio),partir-trozos,,© Iris Green,Iris Green,funcional (en botón) o informativa (en hoja); siempre junto a su texto,"alt="""" porque el texto visible dice lo mismo",Partir la tarea en trozos | Hacer un trozo pequeño | Partirla en trozos,Cut the task into pieces | Do one small piece | Cut it into pieces,juego:empieza-por-uno juego:volver-del-descanso juego:estudiar-para-un-examen juego:ordena-dividir-una-tarea-grande juego:que-viene-dividir-una-tarea-grande imprimible:estudiar-por-partes imprimible:empezar-una-tarea imprimible:rutina-dividir-una-tarea-grande
/assets/pictogramas/vector-rutinas/persiana.svg,Iris Green (dibujo vectorial propio),persiana,,© Iris Green,Iris Green,funcional (en botón) o informativa (en hoja); siempre junto a su texto,"alt="""" porque el texto visible dice lo mismo",Abrir la persiana,Open the blind,juego:que-viene-manana juego:construye-tu-manana
/assets/pictogramas/vector-rutinas/sacudir-ropa.svg,Iris Green (dibujo vectorial propio),sacudir-ropa,,© Iris Green,Iris Green,funcional (en botón) o informativa (en hoja); siempre junto a su texto,"alt="""" porque el texto visible dice lo mismo",Sacudir la ropa de cama,Shake out the bedding,juego:dos-rutinas-mezcladas
/assets/pictogramas/vector-rutinas/sentarse-cama.svg,Iris Green (dibujo vectorial propio),sentarse-cama,,© Iris Green,Iris Green,funcional (en botón) o informativa (en hoja); siempre junto a su texto,"alt="""" porque el texto visible dice lo mismo",Sentarse en la cama,Sit on the bed,juego:que-viene-noche
/assets/pictogramas/vector-rutinas/separar-colores.svg,Iris Green (dibujo vectorial propio),separar-colores,,© Iris Green,Iris Green,funcional (en botón) o informativa (en hoja); siempre junto a su texto,"alt="""" porque el texto visible dice lo mismo",Separar la ropa por colores,Sort clothes by colour,juego:ordena-la-lavadora
/assets/pictogramas/vector-rutinas/separar-limpia-sucia.svg,Iris Green (dibujo vectorial propio),separar-limpia-sucia,,© Iris Green,Iris Green,funcional (en botón) o informativa (en hoja); siempre junto a su texto,"alt="""" porque el texto visible dice lo mismo",Separar limpia y sucia,Separate clean and dirty clothes,imprimible:poner-la-lavadora
/assets/pictogramas/vector-rutinas/taparse.svg,Iris Green (dibujo vectorial propio),taparse,,© Iris Green,Iris Green,funcional (en botón) o informativa (en hoja); siempre junto a su texto,"alt="""" porque el texto visible dice lo mismo",Taparse,Pull up the covers,juego:dos-rutinas-mezcladas juego:que-viene-noche
/assets/pictogramas/vector-rutinas/tender-1.svg,Iris Green (dibujo vectorial propio),tender-1,,© Iris Green,Iris Green,funcional (en botón) o informativa (en hoja); siempre junto a su texto,"alt="""" porque el texto visible dice lo mismo",Tender la ropa,Hang the washing,juego:ordena-la-lavadora imprimible:poner-la-lavadora
/assets/pictogramas/vector-rutinas/tender-2.svg,Iris Green (dibujo vectorial propio),tender-2,,© Iris Green,Iris Green,funcional (en botón) o informativa (en hoja); siempre junto a su texto,"alt="""" porque el texto visible dice lo mismo",Poner las pinzas,Add the pegs,imprimible:poner-la-lavadora
/assets/pictogramas/vector-rutinas/tiempo-libre.svg,Iris Green (dibujo vectorial propio),tiempo-libre,,© Iris Green,Iris Green,funcional (en botón) o informativa (en hoja); siempre junto a su texto,"alt="""" porque el texto visible dice lo mismo",Tiempo libre,Free time,
/assets/pictogramas/vector-rutinas/unas-1.svg,Iris Green (dibujo vectorial propio),unas-1,,© Iris Green,Iris Green,funcional (en botón) o informativa (en hoja); siempre junto a su texto,"alt="""" porque el texto visible dice lo mismo",Colocar el cortaúñas,Position the nail clippers,imprimible:cortarse-las-unas
/assets/pictogramas/vector-rutinas/unas-2.svg,Iris Green (dibujo vectorial propio),unas-2,,© Iris Green,Iris Green,funcional (en botón) o informativa (en hoja); siempre junto a su texto,"alt="""" porque el texto visible dice lo mismo",Cortar,Clip,imprimible:cortarse-las-unas
/assets/pictogramas/vector-rutinas/unas-3.svg,Iris Green (dibujo vectorial propio),unas-3,,© Iris Green,Iris Green,funcional (en botón) o informativa (en hoja); siempre junto a su texto,"alt="""" porque el texto visible dice lo mismo",Limar,File,imprimible:cortarse-las-unas
/assets/pictogramas/vector-rutinas/validar-billete.svg,Iris Green (dibujo vectorial propio),validar-billete,,© Iris Green,Iris Green,funcional (en botón) o informativa (en hoja); siempre junto a su texto,"alt="""" porque el texto visible dice lo mismo",Validar el billete | Abono de transporte | Validar,Validate your ticket | Travel pass | Tap your card,juego:coger-el-tren juego:ordena-comprobar-llaves-telefono-y-documentos juego:que-viene-comprobar-llaves-telefono-y-documentos juego:ordena-subir-y-bajar-del-autobus-o-metro juego:que-viene-subir-y-bajar-del-autobus-o-metro imprimible:coger-el-tren imprimible:rutina-comprobar-llaves-telefono-y-documentos imprimible:rutina-subir-y-bajar-del-autobus-o-metro
/assets/pictogramas/iris-variantes/tap--inicio.svg,Iris Green (variante con distintivo sobre Mulberry Symbols),tap,,CC BY-SA 4.0,"Mulberry Symbols © Garry Paxton 2008-2017, © Steve Lee 2018-2026; distintivo «abrir o empezar» de Iris Green",informativa (en hoja) o funcional (en botón); siempre junto a su texto,"alt="""" porque el texto visible dice lo mismo",Abrir el agua | Abrir el grifo,Turn on the water | Turn on the tap,variante de /assets/pictogramas/mulberry98/tap.svg
/assets/pictogramas/iris-variantes/tap--fin.svg,Iris Green (variante con distintivo sobre Mulberry Symbols),tap,,CC BY-SA 4.0,"Mulberry Symbols © Garry Paxton 2008-2017, © Steve Lee 2018-2026; distintivo «cerrar o apagar» de Iris Green",informativa (en hoja) o funcional (en botón); siempre junto a su texto,"alt="""" porque el texto visible dice lo mismo",Cerrar el grifo,Turn off the tap,variante de /assets/pictogramas/mulberry98/tap.svg
/assets/pictogramas/iris-variantes/look--ok.svg,Iris Green (variante con distintivo sobre Mulberry Symbols),look,,CC BY-SA 4.0,"Mulberry Symbols © Garry Paxton 2008-2017, © Steve Lee 2018-2026; distintivo «comprobar» de Iris Green",informativa (en hoja) o funcional (en botón); siempre junto a su texto,"alt="""" porque el texto visible dice lo mismo",Revisarla una vez,Check it once,variante de /assets/pictogramas/mulberry-verbos/look.svg
/assets/pictogramas/iris-variantes/limpio-shoe_mans--coger.svg,Iris Green (variante con distintivo sobre Mulberry Symbols),limpio-shoe_mans,,CC BY-SA 4.0,"Mulberry Symbols © Garry Paxton 2008-2017, © Steve Lee 2018-2026; distintivo «coger» de Iris Green",informativa (en hoja) o funcional (en botón); siempre junto a su texto,"alt="""" porque el texto visible dice lo mismo",Coger los zapatos,Take your shoes,variante de /assets/pictogramas/fase1/limpio-shoe_mans.svg
/assets/pictogramas/iris-variantes/limpio-shoe_mans--n1.svg,Iris Green (variante con distintivo sobre Mulberry Symbols),limpio-shoe_mans,,CC BY-SA 4.0,"Mulberry Symbols © Garry Paxton 2008-2017, © Steve Lee 2018-2026; distintivo «1» de Iris Green",informativa (en hoja) o funcional (en botón); siempre junto a su texto,"alt="""" porque el texto visible dice lo mismo",Ponerse un zapato,Put on one shoe,variante de /assets/pictogramas/fase1/limpio-shoe_mans.svg
/assets/pictogramas/iris-variantes/limpio-shoe_mans--n2.svg,Iris Green (variante con distintivo sobre Mulberry Symbols),limpio-shoe_mans,,CC BY-SA 4.0,"Mulberry Symbols © Garry Paxton 2008-2017, © Steve Lee 2018-2026; distintivo «2» de Iris Green",informativa (en hoja) o funcional (en botón); siempre junto a su texto,"alt="""" porque el texto visible dice lo mismo",Ponerse el otro zapato,Put on the other shoe,variante de /assets/pictogramas/fase1/limpio-shoe_mans.svg
/assets/pictogramas/iris-variantes/towel--coger.svg,Iris Green (variante con distintivo sobre Mulberry Symbols),towel,,CC BY-SA 4.0,"Mulberry Symbols © Garry Paxton 2008-2017, © Steve Lee 2018-2026; distintivo «coger» de Iris Green",informativa (en hoja) o funcional (en botón); siempre junto a su texto,"alt="""" porque el texto visible dice lo mismo",Coger la toalla,Take a towel | Take the towel,variante de /assets/pictogramas/mulberry98/towel.svg
/assets/pictogramas/iris-variantes/shower--inicio.svg,Iris Green (variante con distintivo sobre Mulberry Symbols),shower,,CC BY-SA 4.0,"Mulberry Symbols © Garry Paxton 2008-2017, © Steve Lee 2018-2026; distintivo «abrir o empezar» de Iris Green",informativa (en hoja) o funcional (en botón); siempre junto a su texto,"alt="""" porque el texto visible dice lo mismo",Abrir el agua,Turn on the water,variante de /assets/pictogramas/mulberry-extra/shower.svg
/assets/pictogramas/iris-variantes/shower--fin.svg,Iris Green (variante con distintivo sobre Mulberry Symbols),shower,,CC BY-SA 4.0,"Mulberry Symbols © Garry Paxton 2008-2017, © Steve Lee 2018-2026; distintivo «cerrar o apagar» de Iris Green",informativa (en hoja) o funcional (en botón); siempre junto a su texto,"alt="""" porque el texto visible dice lo mismo",Cerrar el agua,Turn off the water,variante de /assets/pictogramas/mulberry-extra/shower.svg
/assets/pictogramas/iris-variantes/deodorant--coger.svg,Iris Green (variante con distintivo sobre Mulberry Symbols),deodorant,,CC BY-SA 4.0,"Mulberry Symbols © Garry Paxton 2008-2017, © Steve Lee 2018-2026; distintivo «coger» de Iris Green",informativa (en hoja) o funcional (en botón); siempre junto a su texto,"alt="""" porque el texto visible dice lo mismo",Coger el desodorante,Take the deodorant,variante de /assets/pictogramas/mulberry98/deodorant.svg
/assets/pictogramas/iris-variantes/fridge--inicio.svg,Iris Green (variante con distintivo sobre Mulberry Symbols),fridge,,CC BY-SA 4.0,"Mulberry Symbols © Garry Paxton 2008-2017, © Steve Lee 2018-2026; distintivo «abrir o empezar» de Iris Green",informativa (en hoja) o funcional (en botón); siempre junto a su texto,"alt="""" porque el texto visible dice lo mismo",Abrir la nevera,Open the fridge,variante de /assets/pictogramas/mulberry98/fridge.svg
/assets/pictogramas/iris-variantes/fridge--fin.svg,Iris Green (variante con distintivo sobre Mulberry Symbols),fridge,,CC BY-SA 4.0,"Mulberry Symbols © Garry Paxton 2008-2017, © Steve Lee 2018-2026; distintivo «cerrar o apagar» de Iris Green",informativa (en hoja) o funcional (en botón); siempre junto a su texto,"alt="""" porque el texto visible dice lo mismo",Cerrar la nevera,Close the fridge,variante de /assets/pictogramas/mulberry98/fridge.svg
/assets/pictogramas/iris-variantes/lunch_box--coger.svg,Iris Green (variante con distintivo sobre Mulberry Symbols),lunch_box,,CC BY-SA 4.0,"Mulberry Symbols © Garry Paxton 2008-2017, © Steve Lee 2018-2026; distintivo «coger» de Iris Green",informativa (en hoja) o funcional (en botón); siempre junto a su texto,"alt="""" porque el texto visible dice lo mismo",Coger la fiambrera,Take the lunch box,variante de /assets/pictogramas/mulberry98/lunch_box.svg
/assets/pictogramas/iris-variantes/lunch_box--fin.svg,Iris Green (variante con distintivo sobre Mulberry Symbols),lunch_box,,CC BY-SA 4.0,"Mulberry Symbols © Garry Paxton 2008-2017, © Steve Lee 2018-2026; distintivo «cerrar o apagar» de Iris Green",informativa (en hoja) o funcional (en botón); siempre junto a su texto,"alt="""" porque el texto visible dice lo mismo",Cerrar,Close it,variante de /assets/pictogramas/mulberry98/lunch_box.svg
/assets/pictogramas/iris-variantes/beber--n1.svg,Iris Green (variante con distintivo sobre Mulberry Symbols),beber,,CC BY-SA 4.0,"Mulberry Symbols © Garry Paxton 2008-2017, © Steve Lee 2018-2026; distintivo «1» de Iris Green",informativa (en hoja) o funcional (en botón); siempre junto a su texto,"alt="""" porque el texto visible dice lo mismo",Beber por la mañana,Drink in the morning,variante de /assets/pictogramas/pictos/beber.svg
/assets/pictogramas/iris-variantes/beber--n2.svg,Iris Green (variante con distintivo sobre Mulberry Symbols),beber,,CC BY-SA 4.0,"Mulberry Symbols © Garry Paxton 2008-2017, © Steve Lee 2018-2026; distintivo «2» de Iris Green",informativa (en hoja) o funcional (en botón); siempre junto a su texto,"alt="""" porque el texto visible dice lo mismo",Beber al mediodía,Drink at midday,variante de /assets/pictogramas/pictos/beber.svg
/assets/pictogramas/iris-variantes/beber--n3.svg,Iris Green (variante con distintivo sobre Mulberry Symbols),beber,,CC BY-SA 4.0,"Mulberry Symbols © Garry Paxton 2008-2017, © Steve Lee 2018-2026; distintivo «3» de Iris Green",informativa (en hoja) o funcional (en botón); siempre junto a su texto,"alt="""" porque el texto visible dice lo mismo",Beber por la tarde,Drink in the afternoon,variante de /assets/pictogramas/pictos/beber.svg
/assets/pictogramas/iris-variantes/clean_room--ok.svg,Iris Green (variante con distintivo sobre Mulberry Symbols),clean_room,,CC BY-SA 4.0,"Mulberry Symbols © Garry Paxton 2008-2017, © Steve Lee 2018-2026; distintivo «comprobar» de Iris Green",informativa (en hoja) o funcional (en botón); siempre junto a su texto,"alt="""" porque el texto visible dice lo mismo",Mirar el resultado,Look at the result,variante de /assets/pictogramas/mulberry98/clean_room.svg
/assets/pictogramas/iris-variantes/ropa--n1.svg,Iris Green (variante con distintivo sobre Mulberry Symbols),ropa,,CC BY-SA 4.0,"Mulberry Symbols © Garry Paxton 2008-2017, © Steve Lee 2018-2026; distintivo «1» de Iris Green",informativa (en hoja) o funcional (en botón); siempre junto a su texto,"alt="""" porque el texto visible dice lo mismo",Ropa blanca,Whites,variante de /assets/pictogramas/pictos-objetos/ropa.svg
/assets/pictogramas/iris-variantes/ropa--n2.svg,Iris Green (variante con distintivo sobre Mulberry Symbols),ropa,,CC BY-SA 4.0,"Mulberry Symbols © Garry Paxton 2008-2017, © Steve Lee 2018-2026; distintivo «2» de Iris Green",informativa (en hoja) o funcional (en botón); siempre junto a su texto,"alt="""" porque el texto visible dice lo mismo",Ropa de color,Colours,variante de /assets/pictogramas/pictos-objetos/ropa.svg
/assets/pictogramas/iris-variantes/ropa--n3.svg,Iris Green (variante con distintivo sobre Mulberry Symbols),ropa,,CC BY-SA 4.0,"Mulberry Symbols © Garry Paxton 2008-2017, © Steve Lee 2018-2026; distintivo «3» de Iris Green",informativa (en hoja) o funcional (en botón); siempre junto a su texto,"alt="""" porque el texto visible dice lo mismo",Ropa delicada,Delicates,variante de /assets/pictogramas/pictos-objetos/ropa.svg
/assets/pictogramas/iris-variantes/bin_bag--fin.svg,Iris Green (variante con distintivo sobre Mulberry Symbols),bin_bag,,CC BY-SA 4.0,"Mulberry Symbols © Garry Paxton 2008-2017, © Steve Lee 2018-2026; distintivo «cerrar o apagar» de Iris Green",informativa (en hoja) o funcional (en botón); siempre junto a su texto,"alt="""" porque el texto visible dice lo mismo",Cerrar la bolsa,Tie the bag,variante de /assets/pictogramas/mulberry98/bin_bag.svg
/assets/pictogramas/iris-variantes/bin_bag--inicio.svg,Iris Green (variante con distintivo sobre Mulberry Symbols),bin_bag,,CC BY-SA 4.0,"Mulberry Symbols © Garry Paxton 2008-2017, © Steve Lee 2018-2026; distintivo «abrir o empezar» de Iris Green",informativa (en hoja) o funcional (en botón); siempre junto a su texto,"alt="""" porque el texto visible dice lo mismo",Poner una bolsa nueva,Put in a new bag,variante de /assets/pictogramas/mulberry98/bin_bag.svg
/assets/pictogramas/iris-variantes/envelope--ok.svg,Iris Green (variante con distintivo sobre Mulberry Symbols),envelope,,CC BY-SA 4.0,"Mulberry Symbols © Garry Paxton 2008-2017, © Steve Lee 2018-2026; distintivo «comprobar» de Iris Green",informativa (en hoja) o funcional (en botón); siempre junto a su texto,"alt="""" porque el texto visible dice lo mismo",Comprobar que llegó,Check it arrived,variante de /assets/pictogramas/mulberry98/envelope.svg
/assets/pictogramas/iris-variantes/dinero--mirar.svg,Iris Green (variante con distintivo sobre Mulberry Symbols),dinero,,CC BY-SA 4.0,"Mulberry Symbols © Garry Paxton 2008-2017, © Steve Lee 2018-2026; distintivo «mirar» de Iris Green",informativa (en hoja) o funcional (en botón); siempre junto a su texto,"alt="""" porque el texto visible dice lo mismo",Mirar el importe | Mirar cuánto tienes,Look at the amount | See how much you have,variante de /assets/pictogramas/pictos/dinero.svg
/assets/pictogramas/iris-variantes/wallet--guardar.svg,Iris Green (variante con distintivo sobre Mulberry Symbols),wallet,,CC BY-SA 4.0,"Mulberry Symbols © Garry Paxton 2008-2017, © Steve Lee 2018-2026; distintivo «guardar» de Iris Green",informativa (en hoja) o funcional (en botón); siempre junto a su texto,"alt="""" porque el texto visible dice lo mismo",Guardar la cartera,Put your wallet away,variante de /assets/pictogramas/mulberry98/wallet.svg
/assets/pictogramas/iris-variantes/pijama--coger.svg,Iris Green (variante con distintivo sobre Mulberry Symbols),pijama,,CC BY-SA 4.0,"Mulberry Symbols © Garry Paxton 2008-2017, © Steve Lee 2018-2026; distintivo «coger» de Iris Green",informativa (en hoja) o funcional (en botón); siempre junto a su texto,"alt="""" porque el texto visible dice lo mismo",Sacar el pijama,Take out your pyjamas,variante de /assets/pictogramas/pictos/pijama.svg
/assets/pictogramas/iris-variantes/lamp--fin.svg,Iris Green (variante con distintivo sobre Mulberry Symbols),lamp,,CC BY-SA 4.0,"Mulberry Symbols © Garry Paxton 2008-2017, © Steve Lee 2018-2026; distintivo «cerrar o apagar» de Iris Green",informativa (en hoja) o funcional (en botón); siempre junto a su texto,"alt="""" porque el texto visible dice lo mismo",Apagar la luz,Turn off the light,variante de /assets/pictogramas/mulberry98/lamp.svg
/assets/pictogramas/iris-variantes/toothbrush--coger.svg,Iris Green (variante con distintivo sobre Mulberry Symbols),toothbrush,,CC BY-SA 4.0,"Mulberry Symbols © Garry Paxton 2008-2017, © Steve Lee 2018-2026; distintivo «coger» de Iris Green",informativa (en hoja) o funcional (en botón); siempre junto a su texto,"alt="""" porque el texto visible dice lo mismo",Coger el cepillo,Take the toothbrush,variante de /assets/pictogramas/mulberry98/toothbrush.svg
/assets/pictogramas/iris-variantes/unas-2--n1.svg,Iris Green (variante con distintivo sobre Mulberry Symbols),unas-2,,CC BY-SA 4.0,"Mulberry Symbols © Garry Paxton 2008-2017, © Steve Lee 2018-2026; distintivo «1» de Iris Green",informativa (en hoja) o funcional (en botón); siempre junto a su texto,"alt="""" porque el texto visible dice lo mismo",Cortar una mano,Cut one hand,variante de /assets/pictogramas/vector-rutinas/unas-2.svg
/assets/pictogramas/iris-variantes/unas-2--n2.svg,Iris Green (variante con distintivo sobre Mulberry Symbols),unas-2,,CC BY-SA 4.0,"Mulberry Symbols © Garry Paxton 2008-2017, © Steve Lee 2018-2026; distintivo «2» de Iris Green",informativa (en hoja) o funcional (en botón); siempre junto a su texto,"alt="""" porque el texto visible dice lo mismo",Cortar la otra mano,Cut the other hand,variante de /assets/pictogramas/vector-rutinas/unas-2.svg
/assets/pictogramas/mulberry-rutinas-extra/bath.svg,Mulberry Symbols,bath,,CC BY-SA 4.0,"Mulberry Symbols © Garry Paxton 2008-2017, © Steve Lee 2018-2026",informativa o funcional; siempre junto a su texto,"alt="""" porque el texto visible dice lo mismo",Bañarse,Bath,rutinas-visuales
/assets/pictogramas/mulberry-rutinas-extra/clip-nails.svg,Mulberry Symbols,"clip_nails_,_to",,CC BY-SA 4.0,"Mulberry Symbols © Garry Paxton 2008-2017, © Steve Lee 2018-2026",informativa o funcional; siempre junto a su texto,"alt="""" porque el texto visible dice lo mismo",Cortarse las uñas,Clip your nails,rutinas-visuales
/assets/pictogramas/mulberry-rutinas-extra/lunch-time.svg,Mulberry Symbols,lunch_time,,CC BY-SA 4.0,"Mulberry Symbols © Garry Paxton 2008-2017, © Steve Lee 2018-2026",informativa o funcional; siempre junto a su texto,"alt="""" porque el texto visible dice lo mismo",Hora de comer,Lunch time,rutinas-visuales
/assets/pictogramas/mulberry-rutinas-extra/put-in-bin.svg,Mulberry Symbols,"put_in_bin_,_to",,CC BY-SA 4.0,"Mulberry Symbols © Garry Paxton 2008-2017, © Steve Lee 2018-2026",informativa o funcional; siempre junto a su texto,"alt="""" porque el texto visible dice lo mismo",Tirar a la basura,Put in bin,rutinas-visuales
/assets/pictogramas/mulberry-rutinas-extra/first-aid-box.svg,Mulberry Symbols,first_aid_box,,CC BY-SA 4.0,"Mulberry Symbols © Garry Paxton 2008-2017, © Steve Lee 2018-2026",informativa o funcional; siempre junto a su texto,"alt="""" porque el texto visible dice lo mismo",Botiquín,First aid,rutinas-visuales
/assets/pictogramas/mulberry-rutinas-extra/need-toilet.svg,Mulberry Symbols,need_toilet,,CC BY-SA 4.0,"Mulberry Symbols © Garry Paxton 2008-2017, © Steve Lee 2018-2026",informativa o funcional; siempre junto a su texto,"alt="""" porque el texto visible dice lo mismo",Necesito ir al baño,I need the toilet,rutinas-visuales
