game_id,title_es,title_en,current_type,current_context,lineage,mechanic,mechanics,product_kind,play_loop,intrinsic_play,routine_id,interest_id,classification_confidence,needs_human_review,disposition,visual_status,accessibility_status,notes,current_stages
los-cordones,"Los cordones, paso a paso","Shoelaces, step by step",ordenar,vestirse,A2_FROZEN_PUBLIC_BASELINE,orden,['orden'],ROUTINE_PRACTICE,ver los pasos desordenados → tocar el que toca ahora → repetir hasta completar la tarea,NO,atarse-los-cordones,,HIGH,False,keep,TEMPLATE_GENERIC,BASELINE_OK,La orden R57 §1 nombra esta mecánica entre las que no bastan para GAME. El repositorio ya la enlaza con la rutina imprimible «atarse-los-cordones».,inf|ado
ordena-la-ducha,Ordena la ducha,Put the shower in order,ordenar,higiene,A2_FROZEN_PUBLIC_BASELINE,orden,['orden'],ROUTINE_PRACTICE,ver los pasos desordenados → tocar el que toca ahora → repetir hasta completar la tarea,NO,ducharse,,HIGH,False,keep,TEMPLATE_GENERIC,BASELINE_OK,La orden R57 §1 nombra esta mecánica entre las que no bastan para GAME. El repositorio ya la enlaza con la rutina imprimible «ducharse».,todas
que-falta-dientes,¿Qué falta para lavarse los dientes?,What is missing to brush your teeth?,ordenar,higiene,A2_FROZEN_PUBLIC_BASELINE,falta,['falta'],ROUTINE_PRACTICE,ver la secuencia con un hueco → identificar el paso ausente → colocarlo,NO,lavarse-los-dientes,,HIGH,False,keep,TEMPLATE_GENERIC,BASELINE_OK,La orden R57 §1 nombra esta mecánica entre las que no bastan para GAME. El repositorio ya la enlaza con la rutina imprimible «lavarse-los-dientes».,inf
que-viene-manana,¿Qué viene ahora? · mañana,What comes next? · morning,ordenar,manana,A2_FROZEN_PUBLIC_BASELINE,siguiente,['siguiente'],ROUTINE_PRACTICE,ver el estado de la tarea → elegir cuál es el paso siguiente → confirmar,NO,,,HIGH,False,keep,TEMPLATE_GENERIC,BASELINE_OK,La orden R57 §1 nombra esta mecánica entre las que no bastan para GAME.,todas
prepara-tu-mochila,Prepara tu mochila,Pack your backpack,elegir,manana,A2_FROZEN_PUBLIC_BASELINE,meter,['meter'],ROUTINE_PRACTICE,ver objetos disponibles → elegir los que hacen falta → meterlos en la bolsa o la mesa,NO,preparar-la-mochila,,HIGH,False,keep,TEMPLATE_GENERIC,BASELINE_OK,El repositorio ya la enlaza con la rutina imprimible «preparar-la-mochila».,inf|ado
vistete-lluvia,Vístete para la lluvia,Dress for the rain,elegir,vestirse,A2_FROZEN_PUBLIC_BASELINE,meter,['meter'],ROUTINE_PRACTICE,ver objetos disponibles → elegir los que hacen falta → meterlos en la bolsa o la mesa,NO,vestirse-para-la-lluvia,,HIGH,False,keep,TEMPLATE_GENERIC,BASELINE_OK,El repositorio ya la enlaza con la rutina imprimible «vestirse-para-la-lluvia».,inf
objeto-accion,Objeto y acción,Object and action,clasificar,higiene,A2_FROZEN_PUBLIC_BASELINE,parejas,['parejas'],ROUTINE_PRACTICE,ver objetos y usos → unir cada objeto con lo que se hace con él,NO,,,HIGH,False,keep,TEMPLATE_GENERIC,BASELINE_OK,,inf
antes-y-despues-de-comer,Antes y después de comer,Before and after eating,ordenar,comidas,A2_FROZEN_PUBLIC_BASELINE,orden,['orden'],ROUTINE_PRACTICE,ver los pasos desordenados → tocar el que toca ahora → repetir hasta completar la tarea,NO,poner-y-recoger-la-mesa,,HIGH,False,keep,TEMPLATE_GENERIC,BASELINE_OK,La orden R57 §1 nombra esta mecánica entre las que no bastan para GAME. El repositorio ya la enlaza con la rutina imprimible «poner-y-recoger-la-mesa».,todas
intruso-ducha,El intruso de la ducha,The odd one out in the shower,clasificar,higiene,A2_FROZEN_PUBLIC_BASELINE,intruso,['intruso'],ROUTINE_PRACTICE,ver un conjunto → señalar el elemento que no encaja,NO,,,LOW,True,rework,TEMPLATE_GENERIC,BASELINE_OK,Señalar al intruso no practica la tarea ni es juego autónomo: está cerca de «pregunta con decoración». Candidato a reconvertir.,todas
construye-tu-manana,Construye tu mañana,Build your morning,planificar,manana,A2_FROZEN_PUBLIC_BASELINE,construir,['construir'],TOOL,elegir los pasos que quieres → ordenarlos a tu manera → obtener un plan que puedes imprimir,NO,,,HIGH,False,keep,TEMPLATE_GENERIC,BASELINE_OK,,todas
checklist-noche,Lista de la noche,Night checklist,planificar,manana,A2_FROZEN_PUBLIC_BASELINE,lista,['lista'],TOOL,ver la lista del día → marcar lo ya hecho → conservar la marca durante la sesión,NO,noche-antes-de-dormir,,HIGH,False,keep,TEMPLATE_GENERIC,BASELINE_OK,La orden R57 §1 nombra esta mecánica entre las que no bastan para GAME.,todas
ruta-al-autobus,Ruta al autobús,Route to the bus,ordenar,salir,A2_FROZEN_PUBLIC_BASELINE,orden,['orden'],ROUTINE_PRACTICE,ver los pasos desordenados → tocar el que toca ahora → repetir hasta completar la tarea,NO,ir-en-autobus,,HIGH,False,keep,TEMPLATE_GENERIC,BASELINE_OK,La orden R57 §1 nombra esta mecánica entre las que no bastan para GAME. El repositorio ya la enlaza con la rutina imprimible «ir-en-autobus».,todas
cremallera-y-botones,Cremallera y botones,Zips and buttons,ordenar,vestirse,A2_FROZEN_PUBLIC_BASELINE,orden,['orden'],ROUTINE_PRACTICE,ver los pasos desordenados → tocar el que toca ahora → repetir hasta completar la tarea,NO,,,HIGH,False,keep,TEMPLATE_GENERIC,BASELINE_OK,La orden R57 §1 nombra esta mecánica entre las que no bastan para GAME.,inf
cual-es-el-primero,¿Cuál es el primero?,Which comes first?,ordenar,comidas,A2_FROZEN_PUBLIC_BASELINE,primero,['primero'],ROUTINE_PRACTICE,ver dos acciones → decidir cuál va primero → confirmar el orden,NO,desayuno-sencillo,,HIGH,False,keep,TEMPLATE_GENERIC,BASELINE_OK,El repositorio ya la enlaza con la rutina imprimible «desayuno-sencillo».,todas
dos-rutinas-mezcladas,Dos rutinas mezcladas,Two routines mixed up,clasificar,higiene,A2_FROZEN_PUBLIC_BASELINE,repartir,['repartir'],ROUTINE_PRACTICE,ver elementos sueltos → repartirlos entre dos o tres destinos → revisar el reparto,NO,,,MEDIUM,True,keep,TEMPLATE_GENERIC,BASELINE_OK,Categorizar objetos cotidianos por su sitio o su uso.,inf
donde-pasa-esto,¿Dónde va esto?,Where does this go?,clasificar,casa,A2_FROZEN_PUBLIC_BASELINE,repartir,['repartir'],ROUTINE_PRACTICE,ver elementos sueltos → repartirlos entre dos o tres destinos → revisar el reparto,NO,,,MEDIUM,True,keep,TEMPLATE_GENERIC,BASELINE_OK,Categorizar objetos cotidianos por su sitio o su uso.,todas
manana-de-lluvia,La mañana de un día de lluvia,A rainy morning,ordenar,manana,A2_FROZEN_PUBLIC_BASELINE,orden,['orden'],ROUTINE_PRACTICE,ver los pasos desordenados → tocar el que toca ahora → repetir hasta completar la tarea,NO,,,HIGH,False,keep,TEMPLATE_GENERIC,BASELINE_OK,La orden R57 §1 nombra esta mecánica entre las que no bastan para GAME.,todas
ordena-la-lavadora,Ordena la lavadora,Put the washing in order,ordenar,casa,A2_FROZEN_PUBLIC_BASELINE,orden,['orden'],ROUTINE_PRACTICE,ver los pasos desordenados → tocar el que toca ahora → repetir hasta completar la tarea,NO,poner-la-lavadora,,HIGH,False,keep,TEMPLATE_GENERIC,BASELINE_OK,La orden R57 §1 nombra esta mecánica entre las que no bastan para GAME. El repositorio ya la enlaza con la rutina imprimible «poner-la-lavadora».,ado|adu
pon-la-mesa,Pon la mesa,Set the table,elegir,comidas,A2_FROZEN_PUBLIC_BASELINE,meter,['meter'],ROUTINE_PRACTICE,ver objetos disponibles → elegir los que hacen falta → meterlos en la bolsa o la mesa,NO,,,HIGH,False,keep,TEMPLATE_GENERIC,BASELINE_OK,,todas
intruso-compra,El intruso de la compra,The odd one out in the shopping,clasificar,salir,A2_FROZEN_PUBLIC_BASELINE,intruso,['intruso'],ROUTINE_PRACTICE,ver un conjunto → señalar el elemento que no encaja,NO,,,LOW,True,rework,TEMPLATE_GENERIC,BASELINE_OK,Señalar al intruso no practica la tarea ni es juego autónomo: está cerca de «pregunta con decoración». Candidato a reconvertir.,todas
cruzar-bien,Cruzar bien,Crossing safely,ordenar,salir,A2_FROZEN_PUBLIC_BASELINE,orden,['orden'],ROUTINE_PRACTICE,ver los pasos desordenados → tocar el que toca ahora → repetir hasta completar la tarea,NO,cruzar-la-calle,,HIGH,False,keep,TEMPLATE_GENERIC,BASELINE_OK,La orden R57 §1 nombra esta mecánica entre las que no bastan para GAME. El repositorio ya la enlaza con la rutina imprimible «cruzar-la-calle».,todas
esperar-el-turno,Esperar el turno,Waiting your turn,ordenar,salir,A2_FROZEN_PUBLIC_BASELINE,orden,['orden'],ROUTINE_PRACTICE,ver los pasos desordenados → tocar el que toca ahora → repetir hasta completar la tarea,NO,,,HIGH,False,keep,TEMPLATE_GENERIC,BASELINE_OK,La orden R57 §1 nombra esta mecánica entre las que no bastan para GAME.,todas
paga-y-guarda,Paga y guarda,Pay and put away,ordenar,salir,A2_FROZEN_PUBLIC_BASELINE,orden,['orden'],ROUTINE_PRACTICE,ver los pasos desordenados → tocar el que toca ahora → repetir hasta completar la tarea,NO,,,HIGH,False,keep,TEMPLATE_GENERIC,BASELINE_OK,La orden R57 §1 nombra esta mecánica entre las que no bastan para GAME.,ado|adu
mochila-del-finde,La mochila del finde,The weekend bag,elegir,manana,A2_FROZEN_PUBLIC_BASELINE,meter,['meter'],ROUTINE_PRACTICE,ver objetos disponibles → elegir los que hacen falta → meterlos en la bolsa o la mesa,NO,,,HIGH,False,keep,TEMPLATE_GENERIC,BASELINE_OK,,inf|ado
antes-de-dormir,Antes de dormir,Before sleep,ordenar,manana,A2_FROZEN_PUBLIC_BASELINE,orden,['orden'],ROUTINE_PRACTICE,ver los pasos desordenados → tocar el que toca ahora → repetir hasta completar la tarea,NO,,,HIGH,False,keep,TEMPLATE_GENERIC,BASELINE_OK,La orden R57 §1 nombra esta mecánica entre las que no bastan para GAME.,todas
construye-tu-tarde,Construye tu tarde,Build your afternoon,planificar,tiempo,A2_FROZEN_PUBLIC_BASELINE,construir,['construir'],TOOL,elegir los pasos que quieres → ordenarlos a tu manera → obtener un plan que puedes imprimir,NO,,,HIGH,False,keep,TEMPLATE_GENERIC,BASELINE_OK,,todas
primero-despues,"Primero, después","First, then",planificar,tiempo,A2_FROZEN_PUBLIC_BASELINE,construir,['construir'],TOOL,elegir los pasos que quieres → ordenarlos a tu manera → obtener un plan que puedes imprimir,NO,,,HIGH,False,keep,TEMPLATE_GENERIC,BASELINE_OK,,todas
que-falta-al-salir,¿Qué falta al salir?,What is missing when you go out?,ordenar,salir,A2_FROZEN_PUBLIC_BASELINE,falta,['falta'],ROUTINE_PRACTICE,ver la secuencia con un hueco → identificar el paso ausente → colocarlo,NO,,,HIGH,False,keep,TEMPLATE_GENERIC,BASELINE_OK,La orden R57 §1 nombra esta mecánica entre las que no bastan para GAME.,todas
ordena-el-bocadillo,Ordena el bocadillo,Put the sandwich in order,ordenar,comidas,A2_FROZEN_PUBLIC_BASELINE,orden,['orden'],ROUTINE_PRACTICE,ver los pasos desordenados → tocar el que toca ahora → repetir hasta completar la tarea,NO,preparar-un-bocadillo,,HIGH,False,keep,TEMPLATE_GENERIC,BASELINE_OK,La orden R57 §1 nombra esta mecánica entre las que no bastan para GAME. El repositorio ya la enlaza con la rutina imprimible «preparar-un-bocadillo».,todas
recoge-la-habitacion,Recoge la habitación,Tidy the room,clasificar,casa,A2_FROZEN_PUBLIC_BASELINE,repartir,['repartir'],ROUTINE_PRACTICE,ver elementos sueltos → repartirlos entre dos o tres destinos → revisar el reparto,NO,,,MEDIUM,True,keep,TEMPLATE_GENERIC,BASELINE_OK,Categorizar objetos cotidianos por su sitio o su uso.,todas
la-ruta-del-medico,La ruta del médico,The route to the doctor,ordenar,cuidarse,A2_FROZEN_PUBLIC_BASELINE,orden,['orden'],ROUTINE_PRACTICE,ver los pasos desordenados → tocar el que toca ahora → repetir hasta completar la tarea,NO,ir-a-una-cita-medica,,HIGH,False,keep,TEMPLATE_GENERIC,BASELINE_OK,La orden R57 §1 nombra esta mecánica entre las que no bastan para GAME. El repositorio ya la enlaza con la rutina imprimible «ir-a-una-cita-medica».,ado|adu
abrir-un-envase,Abrir un envase,Opening a pack,ordenar,casa,A2_FROZEN_PUBLIC_BASELINE,orden,['orden'],ROUTINE_PRACTICE,ver los pasos desordenados → tocar el que toca ahora → repetir hasta completar la tarea,NO,,,HIGH,False,keep,TEMPLATE_GENERIC,BASELINE_OK,La orden R57 §1 nombra esta mecánica entre las que no bastan para GAME.,todas
checklist-manana,Lista de la mañana,Morning checklist,planificar,manana,A2_FROZEN_PUBLIC_BASELINE,lista,['lista'],TOOL,ver la lista del día → marcar lo ya hecho → conservar la marca durante la sesión,NO,manana-para-salir,,HIGH,False,keep,TEMPLATE_GENERIC,BASELINE_OK,La orden R57 §1 nombra esta mecánica entre las que no bastan para GAME.,todas
empareja-sitio-objeto,Cada cosa con su sitio,Each thing and its place,clasificar,casa,A2_FROZEN_PUBLIC_BASELINE,parejas,['parejas'],ROUTINE_PRACTICE,ver objetos y usos → unir cada objeto con lo que se hace con él,NO,,,HIGH,False,keep,TEMPLATE_GENERIC,BASELINE_OK,,todas
la-cuenta-atras,La cuenta atrás,The countdown,planificar,tiempo,A2_FROZEN_PUBLIC_BASELINE,reloj,['reloj'],TOOL,iniciar la cuenta cuando tú quieras → ver vaciarse el tiempo → pausar o reiniciar,NO,,,HIGH,False,keep,TEMPLATE_GENERIC,BASELINE_OK,,todas
vistete-para-el-tiempo,"Vístete para el frío, el calor y la lluvia","Dress for cold, heat and rain",elegir,vestirse,A2_FROZEN_PUBLIC_BASELINE,meter,['meter'],ROUTINE_PRACTICE,ver objetos disponibles → elegir los que hacen falta → meterlos en la bolsa o la mesa,NO,,,HIGH,False,keep,TEMPLATE_GENERIC,BASELINE_OK,,todas
que-viene-noche,¿Qué viene ahora? · noche,What comes next? · night,ordenar,manana,A2_FROZEN_PUBLIC_BASELINE,siguiente,['siguiente'],ROUTINE_PRACTICE,ver el estado de la tarea → elegir cuál es el paso siguiente → confirmar,NO,,,HIGH,False,keep,TEMPLATE_GENERIC,BASELINE_OK,La orden R57 §1 nombra esta mecánica entre las que no bastan para GAME.,todas
separa-para-reciclar,Separa para reciclar,Sort for recycling,clasificar,casa,A2_FROZEN_PUBLIC_BASELINE,repartir,['repartir'],ROUTINE_PRACTICE,ver elementos sueltos → repartirlos entre dos o tres destinos → revisar el reparto,NO,,,MEDIUM,True,keep,TEMPLATE_GENERIC,BASELINE_OK,Categorizar objetos cotidianos por su sitio o su uso.,todas
intruso-escritorio,El intruso del escritorio,The odd one out on the desk,clasificar,estudio,A2_FROZEN_PUBLIC_BASELINE,intruso,['intruso'],ROUTINE_PRACTICE,ver un conjunto → señalar el elemento que no encaja,NO,,,LOW,True,rework,TEMPLATE_GENERIC,BASELINE_OK,Señalar al intruso no practica la tarea ni es juego autónomo: está cerca de «pregunta con decoración». Candidato a reconvertir.,ado|adu
empieza-por-uno,Empieza por uno,Start with one,ordenar,estudio,A2_FROZEN_PUBLIC_BASELINE,primero,['primero'],ROUTINE_PRACTICE,ver dos acciones → decidir cuál va primero → confirmar el orden,NO,empezar-una-tarea,,HIGH,False,keep,TEMPLATE_GENERIC,BASELINE_OK,El repositorio ya la enlaza con la rutina imprimible «empezar-una-tarea».,ado|adu
la-medicacion-de-hoy,Recordatorio de la medicación,Medication reminder,planificar,cuidarse,A2_FROZEN_PUBLIC_BASELINE,lista,['lista'],TOOL,ver la lista del día → marcar lo ya hecho → conservar la marca durante la sesión,NO,,,HIGH,False,keep,TEMPLATE_GENERIC,BASELINE_OK,La orden R57 §1 nombra esta mecánica entre las que no bastan para GAME.,ado|adu
salir-con-el-perro,Salir con el perro,Going out with the dog,ordenar,casa,A2_FROZEN_PUBLIC_BASELINE,orden,['orden'],ROUTINE_PRACTICE,ver los pasos desordenados → tocar el que toca ahora → repetir hasta completar la tarea,NO,,,HIGH,False,keep,TEMPLATE_GENERIC,BASELINE_OK,La orden R57 §1 nombra esta mecánica entre las que no bastan para GAME.,todas
cambio-de-actividad,Cambio de actividad,Changing activity,elegir,tiempo,A2_FROZEN_PUBLIC_BASELINE,orden,"['elegir', 'orden']",TOOL,leer dos o tres opciones válidas → elegir una → seguir por ahí · ver los pasos desordenados → tocar el que toca ahora → repetir hasta completar la tarea,NO,,,MEDIUM,True,keep,TEMPLATE_GENERIC,BASELINE_OK,Apoyo de transición entre actividades. Sin rutina imprimible asociada. La orden R57 §1 nombra esta mecánica entre las que no bastan para GAME.,todas
volver-del-descanso,Volver del descanso,Coming back from a break,elegir,estudio,A2_FROZEN_PUBLIC_BASELINE,primero,"['elegir', 'primero']",TOOL,leer dos o tres opciones válidas → elegir una → seguir por ahí · ver dos acciones → decidir cuál va primero → confirmar el orden,NO,,,MEDIUM,True,keep,TEMPLATE_GENERIC,BASELINE_OK,Apoyo para retomar la tarea. Sin rutina imprimible asociada.,ado|adu
la-compra,La compra y el pago,Shopping and paying,elegir,salir,A2_FROZEN_PUBLIC_BASELINE,meter,"['elegir', 'meter', 'orden']",ROUTINE_PRACTICE,leer dos o tres opciones válidas → elegir una → seguir por ahí · ver objetos disponibles → elegir los que hacen falta → meterlos en la bolsa o la mesa · ver los pasos desordenados → tocar el que toca ahora → repetir hasta completar la tarea,NO,hacer-la-compra,,HIGH,False,keep,TEMPLATE_GENERIC,BASELINE_OK,El repositorio ya la enlaza con la rutina imprimible «hacer-la-compra».,ado|adu
preparar-una-cita-medica,Preparar una cita médica,Getting ready for a medical appointment,elegir,cuidarse,A2_FROZEN_PUBLIC_BASELINE,meter,"['meter', 'orden']",ROUTINE_PRACTICE,ver objetos disponibles → elegir los que hacen falta → meterlos en la bolsa o la mesa · ver los pasos desordenados → tocar el que toca ahora → repetir hasta completar la tarea,NO,,,HIGH,False,keep,TEMPLATE_GENERIC,BASELINE_OK,,ado|adu
cambiar-de-aula,Cambiar de aula,Changing classrooms,ordenar,estudio,A2_FROZEN_PUBLIC_BASELINE,orden,['orden'],ROUTINE_PRACTICE,ver los pasos desordenados → tocar el que toca ahora → repetir hasta completar la tarea,NO,,,HIGH,False,keep,TEMPLATE_GENERIC,BASELINE_OK,La orden R57 §1 nombra esta mecánica entre las que no bastan para GAME.,ado
organizar-los-deberes,Organizar los deberes,Planning your homework,planificar,estudio,A2_FROZEN_PUBLIC_BASELINE,repartir,['repartir'],TOOL,ver elementos sueltos → repartirlos entre dos o tres destinos → revisar el reparto,NO,,,HIGH,False,keep,TEMPLATE_GENERIC,BASELINE_OK,"Reparte deberes entre hoy, mañana y la semana: herramienta de planificación.",ado
estudiar-para-un-examen,Estudiar para un examen,Studying for a test,ordenar,estudio,A2_FROZEN_PUBLIC_BASELINE,orden,['orden'],ROUTINE_PRACTICE,ver los pasos desordenados → tocar el que toca ahora → repetir hasta completar la tarea,NO,estudiar-por-partes,,HIGH,False,keep,TEMPLATE_GENERIC,BASELINE_OK,La orden R57 §1 nombra esta mecánica entre las que no bastan para GAME. El repositorio ya la enlaza con la rutina imprimible «estudiar-por-partes».,ado|adu
planificar-una-quedada,Planificar una quedada,Planning a meet-up,ordenar,tiempo,A2_FROZEN_PUBLIC_BASELINE,orden,['orden'],ROUTINE_PRACTICE,ver los pasos desordenados → tocar el que toca ahora → repetir hasta completar la tarea,NO,,,HIGH,False,keep,TEMPLATE_GENERIC,BASELINE_OK,La orden R57 §1 nombra esta mecánica entre las que no bastan para GAME.,ado|adu
cambio-de-plan,Cuando cambia el plan,When plans change,elegir,tiempo,A2_FROZEN_PUBLIC_BASELINE,elegir,['elegir'],TOOL,leer dos o tres opciones válidas → elegir una → seguir por ahí,NO,,,MEDIUM,True,keep,TEMPLATE_GENERIC,BASELINE_OK,Menú de afrontamiento: el plan se cancela y todas las opciones valen. No practica una tarea.,ado|adu
tiempo-con-pantallas,Tiempo con pantallas,Screen time,elegir,tiempo,A2_FROZEN_PUBLIC_BASELINE,elegir,['elegir'],TOOL,leer dos o tres opciones válidas → elegir una → seguir por ahí,NO,,,MEDIUM,True,keep,TEMPLATE_GENERIC,BASELINE_OK,Apoyo para dejar la pantalla. No hay tarea que practicar ni sistema que responda.,ado|adu
responder-un-correo,Responder un correo,Answering an email,ordenar,estudio,A2_FROZEN_PUBLIC_BASELINE,orden,['orden'],ROUTINE_PRACTICE,ver los pasos desordenados → tocar el que toca ahora → repetir hasta completar la tarea,NO,responder-un-correo,,HIGH,False,keep,TEMPLATE_GENERIC,BASELINE_OK,La orden R57 §1 nombra esta mecánica entre las que no bastan para GAME. El repositorio ya la enlaza con la rutina imprimible «responder-un-correo».,adu
hacer-una-llamada,Hacer una llamada,Making a phone call,ordenar,cuidarse,A2_FROZEN_PUBLIC_BASELINE,orden,['orden'],ROUTINE_PRACTICE,ver los pasos desordenados → tocar el que toca ahora → repetir hasta completar la tarea,NO,hacer-una-llamada,,HIGH,False,keep,TEMPLATE_GENERIC,BASELINE_OK,La orden R57 §1 nombra esta mecánica entre las que no bastan para GAME. El repositorio ya la enlaza con la rutina imprimible «hacer-una-llamada».,ado|adu
demasiadas-tareas,Cuando hay demasiadas tareas,When there is too much to do,planificar,estudio,A2_FROZEN_PUBLIC_BASELINE,repartir,['repartir'],TOOL,ver elementos sueltos → repartirlos entre dos o tres destinos → revisar el reparto,NO,,,HIGH,False,keep,TEMPLATE_GENERIC,BASELINE_OK,"Reparte tareas entre ahora, más tarde y otro día: herramienta de planificación.",adu
dividir-una-tarea-grande,Dividir una tarea grande,Breaking down a big task,planificar,casa,A2_FROZEN_PUBLIC_BASELINE,construir,['construir'],TOOL,elegir los pasos que quieres → ordenarlos a tu manera → obtener un plan que puedes imprimir,NO,,,HIGH,False,keep,TEMPLATE_GENERIC,BASELINE_OK,,ado|adu
ordenar-papeles,Ordenar los papeles,Sorting paperwork,clasificar,casa,A2_FROZEN_PUBLIC_BASELINE,repartir,['repartir'],ROUTINE_PRACTICE,ver elementos sueltos → repartirlos entre dos o tres destinos → revisar el reparto,NO,,,MEDIUM,True,keep,TEMPLATE_GENERIC,BASELINE_OK,Categorizar objetos cotidianos por su sitio o su uso.,adu
despues-de-un-dia-dificil,Después de un día que agota,After an exhausting day,elegir,cuidarse,A2_FROZEN_PUBLIC_BASELINE,orden,"['elegir', 'orden']",ROUTINE_PRACTICE,leer dos o tres opciones válidas → elegir una → seguir por ahí · ver los pasos desordenados → tocar el que toca ahora → repetir hasta completar la tarea,NO,volver-a-casa,,HIGH,False,keep,TEMPLATE_GENERIC,BASELINE_OK,La orden R57 §1 nombra esta mecánica entre las que no bastan para GAME. El repositorio ya la enlaza con la rutina imprimible «volver-a-casa».,ado|adu
preparar-la-noche-anterior,Dejarlo listo la noche anterior,Getting ready the night before,planificar,manana,A2_FROZEN_PUBLIC_BASELINE,lista,['lista'],TOOL,ver la lista del día → marcar lo ya hecho → conservar la marca durante la sesión,NO,la-noche-anterior,,HIGH,False,keep,TEMPLATE_GENERIC,BASELINE_OK,La orden R57 §1 nombra esta mecánica entre las que no bastan para GAME.,ado|adu
memoria-de-la-cocina,Memoria de la cocina,Kitchen memory,memoria,comidas,A2_FROZEN_PUBLIC_BASELINE,memoria,['memoria'],GAME,destapar dos fichas → recordar dónde estaba cada una → formar todas las parejas,YES,,,HIGH,False,keep,TEMPLATE_GENERIC,BASELINE_OK,Mecánica autónoma: el interés no depende de la tarea que decora. Temática genérica y ambición baja.,todas
busca-lo-que-necesitas-para-salir,Busca lo que necesitas para salir,Find what you need to go out,clasificar,salir,A2_FROZEN_PUBLIC_BASELINE,busca,['busca'],ROUTINE_PRACTICE,ver muchos objetos → localizar los que se piden,NO,,,LOW,True,rework,TEMPLATE_GENERIC,BASELINE_OK,Buscar entre muchos es la mecánica del catálogo más cercana a un juego después de la memoria: merece la atención de Astra para los pilotos.,todas
coger-el-tren,Coger el tren,Taking the train,ordenar,salir,A2_FROZEN_PUBLIC_BASELINE,orden,['orden'],ROUTINE_PRACTICE,ver los pasos desordenados → tocar el que toca ahora → repetir hasta completar la tarea,NO,coger-el-tren,,HIGH,False,keep,TEMPLATE_GENERIC,BASELINE_OK,La orden R57 §1 nombra esta mecánica entre las que no bastan para GAME. El repositorio ya la enlaza con la rutina imprimible «coger-el-tren».,ado|adu
doblar-la-ropa,Doblar la ropa,Folding clothes,ordenar,casa,A2_FROZEN_PUBLIC_BASELINE,orden,['orden'],ROUTINE_PRACTICE,ver los pasos desordenados → tocar el que toca ahora → repetir hasta completar la tarea,NO,doblar-la-ropa,,HIGH,False,keep,TEMPLATE_GENERIC,BASELINE_OK,La orden R57 §1 nombra esta mecánica entre las que no bastan para GAME. El repositorio ya la enlaza con la rutina imprimible «doblar-la-ropa».,todas
lavarse-las-manos,Lavarse las manos,Washing your hands,ordenar,higiene,A2_FROZEN_PUBLIC_BASELINE,orden,['orden'],ROUTINE_PRACTICE,ver los pasos desordenados → tocar el que toca ahora → repetir hasta completar la tarea,NO,lavarse-las-manos,,HIGH,False,keep,TEMPLATE_GENERIC,BASELINE_OK,La orden R57 §1 nombra esta mecánica entre las que no bastan para GAME. El repositorio ya la enlaza con la rutina imprimible «lavarse-las-manos».,inf
busca-lo-del-bano,Busca lo del baño,Find the bathroom things,clasificar,higiene,A2_FROZEN_PUBLIC_BASELINE,busca,['busca'],ROUTINE_PRACTICE,ver muchos objetos → localizar los que se piden,NO,,,LOW,True,rework,TEMPLATE_GENERIC,BASELINE_OK,Buscar entre muchos es la mecánica del catálogo más cercana a un juego después de la memoria: merece la atención de Astra para los pilotos.,inf
memoria-de-la-higiene,Memoria de la higiene,Hygiene memory,memoria,higiene,A2_FROZEN_PUBLIC_BASELINE,memoria,['memoria'],GAME,destapar dos fichas → recordar dónde estaba cada una → formar todas las parejas,YES,,,HIGH,False,keep,TEMPLATE_GENERIC,BASELINE_OK,Mecánica autónoma: el interés no depende de la tarea que decora. Temática genérica y ambición baja.,inf
ordena-atarse-los-cordones,Ordena: atarse los cordones,Put in order: tie your shoelaces,ordenar,vestirse,A2_FROZEN_PUBLIC_BASELINE,orden,['orden'],ROUTINE_PRACTICE,ver los pasos desordenados → tocar el que toca ahora → repetir hasta completar la tarea,NO,,,HIGH,False,keep,TEMPLATE_GENERIC,BASELINE_OK,La orden R57 §1 nombra esta mecánica entre las que no bastan para GAME.,todas
que-viene-atarse-los-cordones,¿Qué viene ahora? · Atarse los cordones,What comes next? · Tie your shoelaces,ordenar,vestirse,A2_FROZEN_PUBLIC_BASELINE,siguiente,['siguiente'],ROUTINE_PRACTICE,ver el estado de la tarea → elegir cuál es el paso siguiente → confirmar,NO,,,HIGH,False,keep,TEMPLATE_GENERIC,BASELINE_OK,La orden R57 §1 nombra esta mecánica entre las que no bastan para GAME.,todas
ordena-ponerse-y-quitarse-los-zapatos,Ordena: ponerse y quitarse los zapatos,Put in order: put on and take off shoes,ordenar,vestirse,A2_FROZEN_PUBLIC_BASELINE,orden,['orden'],ROUTINE_PRACTICE,ver los pasos desordenados → tocar el que toca ahora → repetir hasta completar la tarea,NO,rutina-ponerse-y-quitarse-los-zapatos,,HIGH,False,keep,TEMPLATE_GENERIC,BASELINE_OK,La orden R57 §1 nombra esta mecánica entre las que no bastan para GAME. El repositorio ya la enlaza con la rutina imprimible «rutina-ponerse-y-quitarse-los-zapatos».,todas
que-viene-ponerse-y-quitarse-los-zapatos,¿Qué viene ahora? · Ponerse y quitarse los zapatos,What comes next? · Put on and take off shoes,ordenar,vestirse,A2_FROZEN_PUBLIC_BASELINE,siguiente,['siguiente'],ROUTINE_PRACTICE,ver el estado de la tarea → elegir cuál es el paso siguiente → confirmar,NO,,,HIGH,False,keep,TEMPLATE_GENERIC,BASELINE_OK,La orden R57 §1 nombra esta mecánica entre las que no bastan para GAME.,todas
ordena-abrochar-botones,Ordena: abrochar botones,Put in order: do up buttons,ordenar,vestirse,A2_FROZEN_PUBLIC_BASELINE,orden,['orden'],ROUTINE_PRACTICE,ver los pasos desordenados → tocar el que toca ahora → repetir hasta completar la tarea,NO,abrochar-botones,,HIGH,False,keep,TEMPLATE_GENERIC,BASELINE_OK,La orden R57 §1 nombra esta mecánica entre las que no bastan para GAME. El repositorio ya la enlaza con la rutina imprimible «abrochar-botones».,todas
que-viene-abrochar-botones,¿Qué viene ahora? · Abrochar botones,What comes next? · Do up buttons,ordenar,vestirse,A2_FROZEN_PUBLIC_BASELINE,siguiente,['siguiente'],ROUTINE_PRACTICE,ver el estado de la tarea → elegir cuál es el paso siguiente → confirmar,NO,,,HIGH,False,keep,TEMPLATE_GENERIC,BASELINE_OK,La orden R57 §1 nombra esta mecánica entre las que no bastan para GAME.,todas
ordena-subir-y-bajar-la-cremallera,Ordena: subir y bajar la cremallera,Put in order: do up and undo a zip,ordenar,vestirse,A2_FROZEN_PUBLIC_BASELINE,orden,['orden'],ROUTINE_PRACTICE,ver los pasos desordenados → tocar el que toca ahora → repetir hasta completar la tarea,NO,rutina-subir-y-bajar-la-cremallera,,HIGH,False,keep,TEMPLATE_GENERIC,BASELINE_OK,La orden R57 §1 nombra esta mecánica entre las que no bastan para GAME. El repositorio ya la enlaza con la rutina imprimible «rutina-subir-y-bajar-la-cremallera».,todas
que-falta-subir-y-bajar-la-cremallera,¿Qué falta? · Subir y bajar la cremallera,What is missing? · Do up and undo a zip,ordenar,vestirse,A2_FROZEN_PUBLIC_BASELINE,falta,['falta'],ROUTINE_PRACTICE,ver la secuencia con un hueco → identificar el paso ausente → colocarlo,NO,,,HIGH,False,keep,TEMPLATE_GENERIC,BASELINE_OK,La orden R57 §1 nombra esta mecánica entre las que no bastan para GAME.,todas
ordena-elegir-la-ropa,Ordena: elegir la ropa,Put in order: choose your clothes,ordenar,vestirse,A2_FROZEN_PUBLIC_BASELINE,orden,['orden'],ROUTINE_PRACTICE,ver los pasos desordenados → tocar el que toca ahora → repetir hasta completar la tarea,NO,rutina-elegir-la-ropa,,HIGH,False,keep,TEMPLATE_GENERIC,BASELINE_OK,La orden R57 §1 nombra esta mecánica entre las que no bastan para GAME. El repositorio ya la enlaza con la rutina imprimible «rutina-elegir-la-ropa».,todas
que-viene-elegir-la-ropa,¿Qué viene ahora? · Elegir la ropa,What comes next? · Choose your clothes,ordenar,vestirse,A2_FROZEN_PUBLIC_BASELINE,siguiente,['siguiente'],ROUTINE_PRACTICE,ver el estado de la tarea → elegir cuál es el paso siguiente → confirmar,NO,,,HIGH,False,keep,TEMPLATE_GENERIC,BASELINE_OK,La orden R57 §1 nombra esta mecánica entre las que no bastan para GAME.,todas
ordena-vestirse-por-orden,Ordena: vestirse por orden,Put in order: get dressed in order,ordenar,vestirse,A2_FROZEN_PUBLIC_BASELINE,orden,['orden'],ROUTINE_PRACTICE,ver los pasos desordenados → tocar el que toca ahora → repetir hasta completar la tarea,NO,rutina-vestirse-por-orden,,HIGH,False,keep,TEMPLATE_GENERIC,BASELINE_OK,La orden R57 §1 nombra esta mecánica entre las que no bastan para GAME. El repositorio ya la enlaza con la rutina imprimible «rutina-vestirse-por-orden».,todas
que-viene-vestirse-por-orden,¿Qué viene ahora? · Vestirse por orden,What comes next? · Get dressed in order,ordenar,vestirse,A2_FROZEN_PUBLIC_BASELINE,siguiente,['siguiente'],ROUTINE_PRACTICE,ver el estado de la tarea → elegir cuál es el paso siguiente → confirmar,NO,,,HIGH,False,keep,TEMPLATE_GENERIC,BASELINE_OK,La orden R57 §1 nombra esta mecánica entre las que no bastan para GAME.,todas
ordena-preparar-la-ropa-del-dia-siguiente,Ordena: preparar la ropa del día siguiente,Put in order: lay out tomorrow's clothes,ordenar,vestirse,A2_FROZEN_PUBLIC_BASELINE,orden,['orden'],ROUTINE_PRACTICE,ver los pasos desordenados → tocar el que toca ahora → repetir hasta completar la tarea,NO,rutina-preparar-la-ropa-del-dia-siguiente,,HIGH,False,keep,TEMPLATE_GENERIC,BASELINE_OK,La orden R57 §1 nombra esta mecánica entre las que no bastan para GAME. El repositorio ya la enlaza con la rutina imprimible «rutina-preparar-la-ropa-del-dia-siguiente».,todas
que-viene-preparar-la-ropa-del-dia-siguiente,¿Qué viene ahora? · Preparar la ropa del día siguiente,What comes next? · Lay out tomorrow's clothes,ordenar,vestirse,A2_FROZEN_PUBLIC_BASELINE,siguiente,['siguiente'],ROUTINE_PRACTICE,ver el estado de la tarea → elegir cuál es el paso siguiente → confirmar,NO,,,HIGH,False,keep,TEMPLATE_GENERIC,BASELINE_OK,La orden R57 §1 nombra esta mecánica entre las que no bastan para GAME.,todas
ordena-quitarse-la-ropa-y-dejarla-en-su-sitio,Ordena: quitarse la ropa y dejarla en su sitio,Put in order: undress and put clothes away,ordenar,vestirse,A2_FROZEN_PUBLIC_BASELINE,orden,['orden'],ROUTINE_PRACTICE,ver los pasos desordenados → tocar el que toca ahora → repetir hasta completar la tarea,NO,rutina-quitarse-la-ropa-y-dejarla-en-su-sitio,,HIGH,False,keep,TEMPLATE_GENERIC,BASELINE_OK,La orden R57 §1 nombra esta mecánica entre las que no bastan para GAME. El repositorio ya la enlaza con la rutina imprimible «rutina-quitarse-la-ropa-y-dejarla-en-su-sitio».,todas
que-falta-quitarse-la-ropa-y-dejarla-en-su-sitio,¿Qué falta? · Quitarse la ropa y dejarla en su sitio,What is missing? · Undress and put clothes away,ordenar,vestirse,A2_FROZEN_PUBLIC_BASELINE,falta,['falta'],ROUTINE_PRACTICE,ver la secuencia con un hueco → identificar el paso ausente → colocarlo,NO,,,HIGH,False,keep,TEMPLATE_GENERIC,BASELINE_OK,La orden R57 §1 nombra esta mecánica entre las que no bastan para GAME.,todas
ordena-lavarse-los-dientes,Ordena: lavarse los dientes,Put in order: brush your teeth,ordenar,higiene,A2_FROZEN_PUBLIC_BASELINE,orden,['orden'],ROUTINE_PRACTICE,ver los pasos desordenados → tocar el que toca ahora → repetir hasta completar la tarea,NO,,,HIGH,False,keep,TEMPLATE_GENERIC,BASELINE_OK,La orden R57 §1 nombra esta mecánica entre las que no bastan para GAME.,todas
que-viene-lavarse-los-dientes,¿Qué viene ahora? · Lavarse los dientes,What comes next? · Brush your teeth,ordenar,higiene,A2_FROZEN_PUBLIC_BASELINE,siguiente,['siguiente'],ROUTINE_PRACTICE,ver el estado de la tarea → elegir cuál es el paso siguiente → confirmar,NO,,,HIGH,False,keep,TEMPLATE_GENERIC,BASELINE_OK,La orden R57 §1 nombra esta mecánica entre las que no bastan para GAME.,todas
ordena-ducharse,Ordena: ducharse,Put in order: have a shower,ordenar,higiene,A2_FROZEN_PUBLIC_BASELINE,orden,['orden'],ROUTINE_PRACTICE,ver los pasos desordenados → tocar el que toca ahora → repetir hasta completar la tarea,NO,,,HIGH,False,keep,TEMPLATE_GENERIC,BASELINE_OK,La orden R57 §1 nombra esta mecánica entre las que no bastan para GAME.,todas
que-viene-ducharse,¿Qué viene ahora? · Ducharse,What comes next? · Have a shower,ordenar,higiene,A2_FROZEN_PUBLIC_BASELINE,siguiente,['siguiente'],ROUTINE_PRACTICE,ver el estado de la tarea → elegir cuál es el paso siguiente → confirmar,NO,,,HIGH,False,keep,TEMPLATE_GENERIC,BASELINE_OK,La orden R57 §1 nombra esta mecánica entre las que no bastan para GAME.,todas
ordena-lavarse-el-pelo,Ordena: lavarse el pelo,Put in order: wash your hair,ordenar,higiene,A2_FROZEN_PUBLIC_BASELINE,orden,['orden'],ROUTINE_PRACTICE,ver los pasos desordenados → tocar el que toca ahora → repetir hasta completar la tarea,NO,rutina-lavarse-el-pelo,,HIGH,False,keep,TEMPLATE_GENERIC,BASELINE_OK,La orden R57 §1 nombra esta mecánica entre las que no bastan para GAME. El repositorio ya la enlaza con la rutina imprimible «rutina-lavarse-el-pelo».,todas
que-viene-lavarse-el-pelo,¿Qué viene ahora? · Lavarse el pelo,What comes next? · Wash your hair,ordenar,higiene,A2_FROZEN_PUBLIC_BASELINE,siguiente,['siguiente'],ROUTINE_PRACTICE,ver el estado de la tarea → elegir cuál es el paso siguiente → confirmar,NO,,,HIGH,False,keep,TEMPLATE_GENERIC,BASELINE_OK,La orden R57 §1 nombra esta mecánica entre las que no bastan para GAME.,todas
ordena-secarse,Ordena: secarse,Put in order: dry yourself,ordenar,higiene,A2_FROZEN_PUBLIC_BASELINE,orden,['orden'],ROUTINE_PRACTICE,ver los pasos desordenados → tocar el que toca ahora → repetir hasta completar la tarea,NO,rutina-secarse,,HIGH,False,keep,TEMPLATE_GENERIC,BASELINE_OK,La orden R57 §1 nombra esta mecánica entre las que no bastan para GAME. El repositorio ya la enlaza con la rutina imprimible «rutina-secarse».,todas
que-viene-secarse,¿Qué viene ahora? · Secarse,What comes next? · Dry yourself,ordenar,higiene,A2_FROZEN_PUBLIC_BASELINE,siguiente,['siguiente'],ROUTINE_PRACTICE,ver el estado de la tarea → elegir cuál es el paso siguiente → confirmar,NO,,,HIGH,False,keep,TEMPLATE_GENERIC,BASELINE_OK,La orden R57 §1 nombra esta mecánica entre las que no bastan para GAME.,todas
ordena-peinarse,Ordena: peinarse,Put in order: brush your hair,ordenar,higiene,A2_FROZEN_PUBLIC_BASELINE,orden,['orden'],ROUTINE_PRACTICE,ver los pasos desordenados → tocar el que toca ahora → repetir hasta completar la tarea,NO,rutina-peinarse,,HIGH,False,keep,TEMPLATE_GENERIC,BASELINE_OK,La orden R57 §1 nombra esta mecánica entre las que no bastan para GAME. El repositorio ya la enlaza con la rutina imprimible «rutina-peinarse».,todas
que-falta-peinarse,¿Qué falta? · Peinarse,What is missing? · Brush your hair,ordenar,higiene,A2_FROZEN_PUBLIC_BASELINE,falta,['falta'],ROUTINE_PRACTICE,ver la secuencia con un hueco → identificar el paso ausente → colocarlo,NO,,,HIGH,False,keep,TEMPLATE_GENERIC,BASELINE_OK,La orden R57 §1 nombra esta mecánica entre las que no bastan para GAME.,todas
ordena-lavarse-las-manos,Ordena: lavarse las manos,Put in order: wash your hands,ordenar,higiene,A2_FROZEN_PUBLIC_BASELINE,orden,['orden'],ROUTINE_PRACTICE,ver los pasos desordenados → tocar el que toca ahora → repetir hasta completar la tarea,NO,,,HIGH,False,keep,TEMPLATE_GENERIC,BASELINE_OK,La orden R57 §1 nombra esta mecánica entre las que no bastan para GAME.,todas
que-viene-lavarse-las-manos,¿Qué viene ahora? · Lavarse las manos,What comes next? · Wash your hands,ordenar,higiene,A2_FROZEN_PUBLIC_BASELINE,siguiente,['siguiente'],ROUTINE_PRACTICE,ver el estado de la tarea → elegir cuál es el paso siguiente → confirmar,NO,,,HIGH,False,keep,TEMPLATE_GENERIC,BASELINE_OK,La orden R57 §1 nombra esta mecánica entre las que no bastan para GAME.,todas
ordena-ir-al-bano,Ordena: ir al baño,Put in order: go to the toilet,ordenar,higiene,A2_FROZEN_PUBLIC_BASELINE,orden,['orden'],ROUTINE_PRACTICE,ver los pasos desordenados → tocar el que toca ahora → repetir hasta completar la tarea,NO,ir-al-bano,,HIGH,False,keep,TEMPLATE_GENERIC,BASELINE_OK,La orden R57 §1 nombra esta mecánica entre las que no bastan para GAME. El repositorio ya la enlaza con la rutina imprimible «ir-al-bano».,todas
que-viene-ir-al-bano,¿Qué viene ahora? · Ir al baño,What comes next? · Go to the toilet,ordenar,higiene,A2_FROZEN_PUBLIC_BASELINE,siguiente,['siguiente'],ROUTINE_PRACTICE,ver el estado de la tarea → elegir cuál es el paso siguiente → confirmar,NO,,,HIGH,False,keep,TEMPLATE_GENERIC,BASELINE_OK,La orden R57 §1 nombra esta mecánica entre las que no bastan para GAME.,todas
ordena-cuidado-menstrual,Ordena: cuidado menstrual,Put in order: period care,ordenar,higiene,A2_FROZEN_PUBLIC_BASELINE,orden,['orden'],ROUTINE_PRACTICE,ver los pasos desordenados → tocar el que toca ahora → repetir hasta completar la tarea,NO,rutina-cuidado-menstrual,,HIGH,False,keep,TEMPLATE_GENERIC,BASELINE_OK,La orden R57 §1 nombra esta mecánica entre las que no bastan para GAME. El repositorio ya la enlaza con la rutina imprimible «rutina-cuidado-menstrual».,ado|adu
que-viene-cuidado-menstrual,¿Qué viene ahora? · Cuidado menstrual,What comes next? · Period care,ordenar,higiene,A2_FROZEN_PUBLIC_BASELINE,siguiente,['siguiente'],ROUTINE_PRACTICE,ver el estado de la tarea → elegir cuál es el paso siguiente → confirmar,NO,,,HIGH,False,keep,TEMPLATE_GENERIC,BASELINE_OK,La orden R57 §1 nombra esta mecánica entre las que no bastan para GAME.,ado|adu
ordena-afeitarse-o-cuidado-personal,Ordena: afeitarse o cuidado personal,Put in order: shave or personal grooming,ordenar,higiene,A2_FROZEN_PUBLIC_BASELINE,orden,['orden'],ROUTINE_PRACTICE,ver los pasos desordenados → tocar el que toca ahora → repetir hasta completar la tarea,NO,rutina-afeitarse-o-cuidado-personal,,HIGH,False,keep,TEMPLATE_GENERIC,BASELINE_OK,La orden R57 §1 nombra esta mecánica entre las que no bastan para GAME. El repositorio ya la enlaza con la rutina imprimible «rutina-afeitarse-o-cuidado-personal».,ado|adu
que-viene-afeitarse-o-cuidado-personal,¿Qué viene ahora? · Afeitarse o cuidado personal,What comes next? · Shave or personal grooming,ordenar,higiene,A2_FROZEN_PUBLIC_BASELINE,siguiente,['siguiente'],ROUTINE_PRACTICE,ver el estado de la tarea → elegir cuál es el paso siguiente → confirmar,NO,,,HIGH,False,keep,TEMPLATE_GENERIC,BASELINE_OK,La orden R57 §1 nombra esta mecánica entre las que no bastan para GAME.,ado|adu
ordena-cortarse-las-unas,Ordena: cortarse las uñas,Put in order: clip your nails,ordenar,higiene,A2_FROZEN_PUBLIC_BASELINE,orden,['orden'],ROUTINE_PRACTICE,ver los pasos desordenados → tocar el que toca ahora → repetir hasta completar la tarea,NO,cortarse-las-unas,,HIGH,False,keep,TEMPLATE_GENERIC,BASELINE_OK,La orden R57 §1 nombra esta mecánica entre las que no bastan para GAME. El repositorio ya la enlaza con la rutina imprimible «cortarse-las-unas».,todas
que-viene-cortarse-las-unas,¿Qué viene ahora? · Cortarse las uñas,What comes next? · Clip your nails,ordenar,higiene,A2_FROZEN_PUBLIC_BASELINE,siguiente,['siguiente'],ROUTINE_PRACTICE,ver el estado de la tarea → elegir cuál es el paso siguiente → confirmar,NO,,,HIGH,False,keep,TEMPLATE_GENERIC,BASELINE_OK,La orden R57 §1 nombra esta mecánica entre las que no bastan para GAME.,todas
ordena-usar-desodorante,Ordena: usar desodorante,Put in order: use deodorant,ordenar,higiene,A2_FROZEN_PUBLIC_BASELINE,orden,['orden'],ROUTINE_PRACTICE,ver los pasos desordenados → tocar el que toca ahora → repetir hasta completar la tarea,NO,rutina-usar-desodorante,,HIGH,False,keep,TEMPLATE_GENERIC,BASELINE_OK,La orden R57 §1 nombra esta mecánica entre las que no bastan para GAME. El repositorio ya la enlaza con la rutina imprimible «rutina-usar-desodorante».,todas
primero-usar-desodorante,¿Qué va primero? · Usar desodorante,What comes first? · Use deodorant,ordenar,higiene,A2_FROZEN_PUBLIC_BASELINE,primero,['primero'],ROUTINE_PRACTICE,ver dos acciones → decidir cuál va primero → confirmar el orden,NO,,,HIGH,False,keep,TEMPLATE_GENERIC,BASELINE_OK,,todas
ordena-levantarse,Ordena: levantarse,Put in order: get up,ordenar,manana,A2_FROZEN_PUBLIC_BASELINE,orden,['orden'],ROUTINE_PRACTICE,ver los pasos desordenados → tocar el que toca ahora → repetir hasta completar la tarea,NO,rutina-levantarse,,HIGH,False,keep,TEMPLATE_GENERIC,BASELINE_OK,La orden R57 §1 nombra esta mecánica entre las que no bastan para GAME. El repositorio ya la enlaza con la rutina imprimible «rutina-levantarse».,todas
que-viene-levantarse,¿Qué viene ahora? · Levantarse,What comes next? · Get up,ordenar,manana,A2_FROZEN_PUBLIC_BASELINE,siguiente,['siguiente'],ROUTINE_PRACTICE,ver el estado de la tarea → elegir cuál es el paso siguiente → confirmar,NO,,,HIGH,False,keep,TEMPLATE_GENERIC,BASELINE_OK,La orden R57 §1 nombra esta mecánica entre las que no bastan para GAME.,todas
ordena-desayunar,Ordena: desayunar,Put in order: have breakfast,ordenar,manana,A2_FROZEN_PUBLIC_BASELINE,orden,['orden'],ROUTINE_PRACTICE,ver los pasos desordenados → tocar el que toca ahora → repetir hasta completar la tarea,NO,rutina-desayunar,,HIGH,False,keep,TEMPLATE_GENERIC,BASELINE_OK,La orden R57 §1 nombra esta mecánica entre las que no bastan para GAME. El repositorio ya la enlaza con la rutina imprimible «rutina-desayunar».,todas
que-viene-desayunar,¿Qué viene ahora? · Desayunar,What comes next? · Have breakfast,ordenar,manana,A2_FROZEN_PUBLIC_BASELINE,siguiente,['siguiente'],ROUTINE_PRACTICE,ver el estado de la tarea → elegir cuál es el paso siguiente → confirmar,NO,,,HIGH,False,keep,TEMPLATE_GENERIC,BASELINE_OK,La orden R57 §1 nombra esta mecánica entre las que no bastan para GAME.,todas
ordena-preparar-la-mochila,Ordena: preparar la mochila,Put in order: pack your bag,ordenar,manana,A2_FROZEN_PUBLIC_BASELINE,orden,['orden'],ROUTINE_PRACTICE,ver los pasos desordenados → tocar el que toca ahora → repetir hasta completar la tarea,NO,,,HIGH,False,keep,TEMPLATE_GENERIC,BASELINE_OK,La orden R57 §1 nombra esta mecánica entre las que no bastan para GAME.,todas
que-viene-preparar-la-mochila,¿Qué viene ahora? · Preparar la mochila,What comes next? · Pack your bag,ordenar,manana,A2_FROZEN_PUBLIC_BASELINE,siguiente,['siguiente'],ROUTINE_PRACTICE,ver el estado de la tarea → elegir cuál es el paso siguiente → confirmar,NO,,,HIGH,False,keep,TEMPLATE_GENERIC,BASELINE_OK,La orden R57 §1 nombra esta mecánica entre las que no bastan para GAME.,todas
ordena-comprobar-llaves-telefono-y-documentos,"Ordena: comprobar llaves, teléfono y documentos","Put in order: check keys, phone and documents",ordenar,manana,A2_FROZEN_PUBLIC_BASELINE,orden,['orden'],ROUTINE_PRACTICE,ver los pasos desordenados → tocar el que toca ahora → repetir hasta completar la tarea,NO,rutina-comprobar-llaves-telefono-y-documentos,,HIGH,False,keep,TEMPLATE_GENERIC,BASELINE_OK,La orden R57 §1 nombra esta mecánica entre las que no bastan para GAME. El repositorio ya la enlaza con la rutina imprimible «rutina-comprobar-llaves-telefono-y-documentos».,todas
que-viene-comprobar-llaves-telefono-y-documentos,"¿Qué viene ahora? · Comprobar llaves, teléfono y documentos","What comes next? · Check keys, phone and documents",ordenar,manana,A2_FROZEN_PUBLIC_BASELINE,siguiente,['siguiente'],ROUTINE_PRACTICE,ver el estado de la tarea → elegir cuál es el paso siguiente → confirmar,NO,,,HIGH,False,keep,TEMPLATE_GENERIC,BASELINE_OK,La orden R57 §1 nombra esta mecánica entre las que no bastan para GAME.,todas
ordena-ponerse-el-abrigo-y-salir,Ordena: ponerse el abrigo y salir,Put in order: put on your coat and leave,ordenar,manana,A2_FROZEN_PUBLIC_BASELINE,orden,['orden'],ROUTINE_PRACTICE,ver los pasos desordenados → tocar el que toca ahora → repetir hasta completar la tarea,NO,rutina-ponerse-el-abrigo-y-salir,,HIGH,False,keep,TEMPLATE_GENERIC,BASELINE_OK,La orden R57 §1 nombra esta mecánica entre las que no bastan para GAME. El repositorio ya la enlaza con la rutina imprimible «rutina-ponerse-el-abrigo-y-salir».,todas
que-viene-ponerse-el-abrigo-y-salir,¿Qué viene ahora? · Ponerse el abrigo y salir,What comes next? · Put on your coat and leave,ordenar,manana,A2_FROZEN_PUBLIC_BASELINE,siguiente,['siguiente'],ROUTINE_PRACTICE,ver el estado de la tarea → elegir cuál es el paso siguiente → confirmar,NO,,,HIGH,False,keep,TEMPLATE_GENERIC,BASELINE_OK,La orden R57 §1 nombra esta mecánica entre las que no bastan para GAME.,todas
ordena-salir-a-tiempo,Ordena: salir a tiempo,Put in order: leave on time,ordenar,manana,A2_FROZEN_PUBLIC_BASELINE,orden,['orden'],ROUTINE_PRACTICE,ver los pasos desordenados → tocar el que toca ahora → repetir hasta completar la tarea,NO,rutina-salir-a-tiempo,,HIGH,False,keep,TEMPLATE_GENERIC,BASELINE_OK,La orden R57 §1 nombra esta mecánica entre las que no bastan para GAME. El repositorio ya la enlaza con la rutina imprimible «rutina-salir-a-tiempo».,todas
que-viene-salir-a-tiempo,¿Qué viene ahora? · Salir a tiempo,What comes next? · Leave on time,ordenar,manana,A2_FROZEN_PUBLIC_BASELINE,siguiente,['siguiente'],ROUTINE_PRACTICE,ver el estado de la tarea → elegir cuál es el paso siguiente → confirmar,NO,,,HIGH,False,keep,TEMPLATE_GENERIC,BASELINE_OK,La orden R57 §1 nombra esta mecánica entre las que no bastan para GAME.,todas
ordena-transicion-casa-escuela-o-trabajo,Ordena: transición casa → escuela o trabajo,Put in order: transition home → school or work,ordenar,manana,A2_FROZEN_PUBLIC_BASELINE,orden,['orden'],ROUTINE_PRACTICE,ver los pasos desordenados → tocar el que toca ahora → repetir hasta completar la tarea,NO,rutina-transicion-casa-escuela-o-trabajo,,HIGH,False,keep,TEMPLATE_GENERIC,BASELINE_OK,La orden R57 §1 nombra esta mecánica entre las que no bastan para GAME. El repositorio ya la enlaza con la rutina imprimible «rutina-transicion-casa-escuela-o-trabajo».,todas
que-viene-transicion-casa-escuela-o-trabajo,¿Qué viene ahora? · Transición casa → escuela o trabajo,What comes next? · Transition home → school or work,ordenar,manana,A2_FROZEN_PUBLIC_BASELINE,siguiente,['siguiente'],ROUTINE_PRACTICE,ver el estado de la tarea → elegir cuál es el paso siguiente → confirmar,NO,,,HIGH,False,keep,TEMPLATE_GENERIC,BASELINE_OK,La orden R57 §1 nombra esta mecánica entre las que no bastan para GAME.,todas
ordena-preparar-un-desayuno-sencillo,Ordena: preparar un desayuno sencillo,Put in order: make a simple breakfast,ordenar,comidas,A2_FROZEN_PUBLIC_BASELINE,orden,['orden'],ROUTINE_PRACTICE,ver los pasos desordenados → tocar el que toca ahora → repetir hasta completar la tarea,NO,rutina-preparar-un-desayuno-sencillo,,HIGH,False,keep,TEMPLATE_GENERIC,BASELINE_OK,La orden R57 §1 nombra esta mecánica entre las que no bastan para GAME. El repositorio ya la enlaza con la rutina imprimible «rutina-preparar-un-desayuno-sencillo».,todas
que-viene-preparar-un-desayuno-sencillo,¿Qué viene ahora? · Preparar un desayuno sencillo,What comes next? · Make a simple breakfast,ordenar,comidas,A2_FROZEN_PUBLIC_BASELINE,siguiente,['siguiente'],ROUTINE_PRACTICE,ver el estado de la tarea → elegir cuál es el paso siguiente → confirmar,NO,,,HIGH,False,keep,TEMPLATE_GENERIC,BASELINE_OK,La orden R57 §1 nombra esta mecánica entre las que no bastan para GAME.,todas
ordena-preparar-un-bocadillo,Ordena: preparar un bocadillo,Put in order: make a sandwich,ordenar,comidas,A2_FROZEN_PUBLIC_BASELINE,orden,['orden'],ROUTINE_PRACTICE,ver los pasos desordenados → tocar el que toca ahora → repetir hasta completar la tarea,NO,,,HIGH,False,keep,TEMPLATE_GENERIC,BASELINE_OK,La orden R57 §1 nombra esta mecánica entre las que no bastan para GAME.,todas
que-viene-preparar-un-bocadillo,¿Qué viene ahora? · Preparar un bocadillo,What comes next? · Make a sandwich,ordenar,comidas,A2_FROZEN_PUBLIC_BASELINE,siguiente,['siguiente'],ROUTINE_PRACTICE,ver el estado de la tarea → elegir cuál es el paso siguiente → confirmar,NO,,,HIGH,False,keep,TEMPLATE_GENERIC,BASELINE_OK,La orden R57 §1 nombra esta mecánica entre las que no bastan para GAME.,todas
ordena-poner-la-mesa,Ordena: poner la mesa,Put in order: set the table,ordenar,comidas,A2_FROZEN_PUBLIC_BASELINE,orden,['orden'],ROUTINE_PRACTICE,ver los pasos desordenados → tocar el que toca ahora → repetir hasta completar la tarea,NO,rutina-poner-la-mesa,,HIGH,False,keep,TEMPLATE_GENERIC,BASELINE_OK,La orden R57 §1 nombra esta mecánica entre las que no bastan para GAME. El repositorio ya la enlaza con la rutina imprimible «rutina-poner-la-mesa».,todas
que-viene-poner-la-mesa,¿Qué viene ahora? · Poner la mesa,What comes next? · Set the table,ordenar,comidas,A2_FROZEN_PUBLIC_BASELINE,siguiente,['siguiente'],ROUTINE_PRACTICE,ver el estado de la tarea → elegir cuál es el paso siguiente → confirmar,NO,,,HIGH,False,keep,TEMPLATE_GENERIC,BASELINE_OK,La orden R57 §1 nombra esta mecánica entre las que no bastan para GAME.,todas
ordena-recoger-la-mesa,Ordena: recoger la mesa,Put in order: clear the table,ordenar,comidas,A2_FROZEN_PUBLIC_BASELINE,orden,['orden'],ROUTINE_PRACTICE,ver los pasos desordenados → tocar el que toca ahora → repetir hasta completar la tarea,NO,rutina-recoger-la-mesa,,HIGH,False,keep,TEMPLATE_GENERIC,BASELINE_OK,La orden R57 §1 nombra esta mecánica entre las que no bastan para GAME. El repositorio ya la enlaza con la rutina imprimible «rutina-recoger-la-mesa».,todas
que-falta-recoger-la-mesa,¿Qué falta? · Recoger la mesa,What is missing? · Clear the table,ordenar,comidas,A2_FROZEN_PUBLIC_BASELINE,falta,['falta'],ROUTINE_PRACTICE,ver la secuencia con un hueco → identificar el paso ausente → colocarlo,NO,,,HIGH,False,keep,TEMPLATE_GENERIC,BASELINE_OK,La orden R57 §1 nombra esta mecánica entre las que no bastan para GAME.,todas
ordena-lavar-los-platos,Ordena: lavar los platos,Put in order: wash up,ordenar,comidas,A2_FROZEN_PUBLIC_BASELINE,orden,['orden'],ROUTINE_PRACTICE,ver los pasos desordenados → tocar el que toca ahora → repetir hasta completar la tarea,NO,rutina-lavar-los-platos,,HIGH,False,keep,TEMPLATE_GENERIC,BASELINE_OK,La orden R57 §1 nombra esta mecánica entre las que no bastan para GAME. El repositorio ya la enlaza con la rutina imprimible «rutina-lavar-los-platos».,todas
que-viene-lavar-los-platos,¿Qué viene ahora? · Lavar los platos,What comes next? · Wash up,ordenar,comidas,A2_FROZEN_PUBLIC_BASELINE,siguiente,['siguiente'],ROUTINE_PRACTICE,ver el estado de la tarea → elegir cuál es el paso siguiente → confirmar,NO,,,HIGH,False,keep,TEMPLATE_GENERIC,BASELINE_OK,La orden R57 §1 nombra esta mecánica entre las que no bastan para GAME.,todas
ordena-guardar-la-comida,Ordena: guardar la comida,Put in order: put food away,ordenar,comidas,A2_FROZEN_PUBLIC_BASELINE,orden,['orden'],ROUTINE_PRACTICE,ver los pasos desordenados → tocar el que toca ahora → repetir hasta completar la tarea,NO,rutina-guardar-la-comida,,HIGH,False,keep,TEMPLATE_GENERIC,BASELINE_OK,La orden R57 §1 nombra esta mecánica entre las que no bastan para GAME. El repositorio ya la enlaza con la rutina imprimible «rutina-guardar-la-comida».,todas
que-falta-guardar-la-comida,¿Qué falta? · Guardar la comida,What is missing? · Put food away,ordenar,comidas,A2_FROZEN_PUBLIC_BASELINE,falta,['falta'],ROUTINE_PRACTICE,ver la secuencia con un hueco → identificar el paso ausente → colocarlo,NO,,,HIGH,False,keep,TEMPLATE_GENERIC,BASELINE_OK,La orden R57 §1 nombra esta mecánica entre las que no bastan para GAME.,todas
ordena-usar-el-microondas-con-seguridad,Ordena: usar el microondas con seguridad,Put in order: use the microwave safely,ordenar,comidas,A2_FROZEN_PUBLIC_BASELINE,orden,['orden'],ROUTINE_PRACTICE,ver los pasos desordenados → tocar el que toca ahora → repetir hasta completar la tarea,NO,rutina-usar-el-microondas-con-seguridad,,HIGH,False,keep,TEMPLATE_GENERIC,BASELINE_OK,La orden R57 §1 nombra esta mecánica entre las que no bastan para GAME. El repositorio ya la enlaza con la rutina imprimible «rutina-usar-el-microondas-con-seguridad».,todas
que-viene-usar-el-microondas-con-seguridad,¿Qué viene ahora? · Usar el microondas con seguridad,What comes next? · Use the microwave safely,ordenar,comidas,A2_FROZEN_PUBLIC_BASELINE,siguiente,['siguiente'],ROUTINE_PRACTICE,ver el estado de la tarea → elegir cuál es el paso siguiente → confirmar,NO,,,HIGH,False,keep,TEMPLATE_GENERIC,BASELINE_OK,La orden R57 §1 nombra esta mecánica entre las que no bastan para GAME.,todas
ordena-seguir-una-receta-visual-sencilla,Ordena: seguir una receta visual sencilla,Put in order: follow a simple visual recipe,ordenar,comidas,A2_FROZEN_PUBLIC_BASELINE,orden,['orden'],ROUTINE_PRACTICE,ver los pasos desordenados → tocar el que toca ahora → repetir hasta completar la tarea,NO,rutina-seguir-una-receta-visual-sencilla,,HIGH,False,keep,TEMPLATE_GENERIC,BASELINE_OK,La orden R57 §1 nombra esta mecánica entre las que no bastan para GAME. El repositorio ya la enlaza con la rutina imprimible «rutina-seguir-una-receta-visual-sencilla».,todas
que-viene-seguir-una-receta-visual-sencilla,¿Qué viene ahora? · Seguir una receta visual sencilla,What comes next? · Follow a simple visual recipe,ordenar,comidas,A2_FROZEN_PUBLIC_BASELINE,siguiente,['siguiente'],ROUTINE_PRACTICE,ver el estado de la tarea → elegir cuál es el paso siguiente → confirmar,NO,,,HIGH,False,keep,TEMPLATE_GENERIC,BASELINE_OK,La orden R57 §1 nombra esta mecánica entre las que no bastan para GAME.,todas
ordena-preparar-la-comida-para-llevar,Ordena: preparar la comida para llevar,Put in order: pack a packed lunch,ordenar,comidas,A2_FROZEN_PUBLIC_BASELINE,orden,['orden'],ROUTINE_PRACTICE,ver los pasos desordenados → tocar el que toca ahora → repetir hasta completar la tarea,NO,rutina-preparar-la-comida-para-llevar,,HIGH,False,keep,TEMPLATE_GENERIC,BASELINE_OK,La orden R57 §1 nombra esta mecánica entre las que no bastan para GAME. El repositorio ya la enlaza con la rutina imprimible «rutina-preparar-la-comida-para-llevar».,todas
que-viene-preparar-la-comida-para-llevar,¿Qué viene ahora? · Preparar la comida para llevar,What comes next? · Pack a packed lunch,ordenar,comidas,A2_FROZEN_PUBLIC_BASELINE,siguiente,['siguiente'],ROUTINE_PRACTICE,ver el estado de la tarea → elegir cuál es el paso siguiente → confirmar,NO,,,HIGH,False,keep,TEMPLATE_GENERIC,BASELINE_OK,La orden R57 §1 nombra esta mecánica entre las que no bastan para GAME.,todas
ordena-beber-agua-a-lo-largo-del-dia,Ordena: beber agua a lo largo del día,Put in order: drink water through the day,ordenar,comidas,A2_FROZEN_PUBLIC_BASELINE,orden,['orden'],ROUTINE_PRACTICE,ver los pasos desordenados → tocar el que toca ahora → repetir hasta completar la tarea,NO,rutina-beber-agua-a-lo-largo-del-dia,,HIGH,False,keep,TEMPLATE_GENERIC,BASELINE_OK,La orden R57 §1 nombra esta mecánica entre las que no bastan para GAME. El repositorio ya la enlaza con la rutina imprimible «rutina-beber-agua-a-lo-largo-del-dia».,todas
que-falta-beber-agua-a-lo-largo-del-dia,¿Qué falta? · Beber agua a lo largo del día,What is missing? · Drink water through the day,ordenar,comidas,A2_FROZEN_PUBLIC_BASELINE,falta,['falta'],ROUTINE_PRACTICE,ver la secuencia con un hueco → identificar el paso ausente → colocarlo,NO,,,HIGH,False,keep,TEMPLATE_GENERIC,BASELINE_OK,La orden R57 §1 nombra esta mecánica entre las que no bastan para GAME.,todas
ordena-hacer-la-cama,Ordena: hacer la cama,Put in order: make the bed,ordenar,casa,A2_FROZEN_PUBLIC_BASELINE,orden,['orden'],ROUTINE_PRACTICE,ver los pasos desordenados → tocar el que toca ahora → repetir hasta completar la tarea,NO,rutina-hacer-la-cama,,HIGH,False,keep,TEMPLATE_GENERIC,BASELINE_OK,La orden R57 §1 nombra esta mecánica entre las que no bastan para GAME. El repositorio ya la enlaza con la rutina imprimible «rutina-hacer-la-cama».,todas
que-falta-hacer-la-cama,¿Qué falta? · Hacer la cama,What is missing? · Make the bed,ordenar,casa,A2_FROZEN_PUBLIC_BASELINE,falta,['falta'],ROUTINE_PRACTICE,ver la secuencia con un hueco → identificar el paso ausente → colocarlo,NO,,,HIGH,False,keep,TEMPLATE_GENERIC,BASELINE_OK,La orden R57 §1 nombra esta mecánica entre las que no bastan para GAME.,todas
ordena-recoger-una-habitacion,Ordena: recoger una habitación,Put in order: tidy a room,ordenar,casa,A2_FROZEN_PUBLIC_BASELINE,orden,['orden'],ROUTINE_PRACTICE,ver los pasos desordenados → tocar el que toca ahora → repetir hasta completar la tarea,NO,rutina-recoger-una-habitacion,,HIGH,False,keep,TEMPLATE_GENERIC,BASELINE_OK,La orden R57 §1 nombra esta mecánica entre las que no bastan para GAME. El repositorio ya la enlaza con la rutina imprimible «rutina-recoger-una-habitacion».,todas
que-viene-recoger-una-habitacion,¿Qué viene ahora? · Recoger una habitación,What comes next? · Tidy a room,ordenar,casa,A2_FROZEN_PUBLIC_BASELINE,siguiente,['siguiente'],ROUTINE_PRACTICE,ver el estado de la tarea → elegir cuál es el paso siguiente → confirmar,NO,,,HIGH,False,keep,TEMPLATE_GENERIC,BASELINE_OK,La orden R57 §1 nombra esta mecánica entre las que no bastan para GAME.,todas
ordena-clasificar-la-ropa,Ordena: clasificar la ropa,Put in order: sort the laundry,ordenar,casa,A2_FROZEN_PUBLIC_BASELINE,orden,['orden'],ROUTINE_PRACTICE,ver los pasos desordenados → tocar el que toca ahora → repetir hasta completar la tarea,NO,rutina-clasificar-la-ropa,,HIGH,False,keep,TEMPLATE_GENERIC,BASELINE_OK,La orden R57 §1 nombra esta mecánica entre las que no bastan para GAME. El repositorio ya la enlaza con la rutina imprimible «rutina-clasificar-la-ropa».,todas
que-falta-clasificar-la-ropa,¿Qué falta? · Clasificar la ropa,What is missing? · Sort the laundry,ordenar,casa,A2_FROZEN_PUBLIC_BASELINE,falta,['falta'],ROUTINE_PRACTICE,ver la secuencia con un hueco → identificar el paso ausente → colocarlo,NO,,,HIGH,False,keep,TEMPLATE_GENERIC,BASELINE_OK,La orden R57 §1 nombra esta mecánica entre las que no bastan para GAME.,todas
ordena-poner-la-lavadora,Ordena: poner la lavadora,Put in order: put on a wash,ordenar,casa,A2_FROZEN_PUBLIC_BASELINE,orden,['orden'],ROUTINE_PRACTICE,ver los pasos desordenados → tocar el que toca ahora → repetir hasta completar la tarea,NO,,,HIGH,False,keep,TEMPLATE_GENERIC,BASELINE_OK,La orden R57 §1 nombra esta mecánica entre las que no bastan para GAME.,todas
que-viene-poner-la-lavadora,¿Qué viene ahora? · Poner la lavadora,What comes next? · Put on a wash,ordenar,casa,A2_FROZEN_PUBLIC_BASELINE,siguiente,['siguiente'],ROUTINE_PRACTICE,ver el estado de la tarea → elegir cuál es el paso siguiente → confirmar,NO,,,HIGH,False,keep,TEMPLATE_GENERIC,BASELINE_OK,La orden R57 §1 nombra esta mecánica entre las que no bastan para GAME.,todas
ordena-tender-la-ropa,Ordena: tender la ropa,Put in order: hang out the washing,ordenar,casa,A2_FROZEN_PUBLIC_BASELINE,orden,['orden'],ROUTINE_PRACTICE,ver los pasos desordenados → tocar el que toca ahora → repetir hasta completar la tarea,NO,rutina-tender-la-ropa,,HIGH,False,keep,TEMPLATE_GENERIC,BASELINE_OK,La orden R57 §1 nombra esta mecánica entre las que no bastan para GAME. El repositorio ya la enlaza con la rutina imprimible «rutina-tender-la-ropa».,todas
que-falta-tender-la-ropa,¿Qué falta? · Tender la ropa,What is missing? · Hang out the washing,ordenar,casa,A2_FROZEN_PUBLIC_BASELINE,falta,['falta'],ROUTINE_PRACTICE,ver la secuencia con un hueco → identificar el paso ausente → colocarlo,NO,,,HIGH,False,keep,TEMPLATE_GENERIC,BASELINE_OK,La orden R57 §1 nombra esta mecánica entre las que no bastan para GAME.,todas
ordena-doblar-la-ropa,Ordena: doblar la ropa,Put in order: fold the clothes,ordenar,casa,A2_FROZEN_PUBLIC_BASELINE,orden,['orden'],ROUTINE_PRACTICE,ver los pasos desordenados → tocar el que toca ahora → repetir hasta completar la tarea,NO,,,HIGH,False,keep,TEMPLATE_GENERIC,BASELINE_OK,La orden R57 §1 nombra esta mecánica entre las que no bastan para GAME.,todas
que-falta-doblar-la-ropa,¿Qué falta? · Doblar la ropa,What is missing? · Fold the clothes,ordenar,casa,A2_FROZEN_PUBLIC_BASELINE,falta,['falta'],ROUTINE_PRACTICE,ver la secuencia con un hueco → identificar el paso ausente → colocarlo,NO,,,HIGH,False,keep,TEMPLATE_GENERIC,BASELINE_OK,La orden R57 §1 nombra esta mecánica entre las que no bastan para GAME.,todas
ordena-guardar-los-objetos-en-su-lugar,Ordena: guardar los objetos en su lugar,Put in order: put things back in their place,ordenar,casa,A2_FROZEN_PUBLIC_BASELINE,orden,['orden'],ROUTINE_PRACTICE,ver los pasos desordenados → tocar el que toca ahora → repetir hasta completar la tarea,NO,rutina-guardar-los-objetos-en-su-lugar,,HIGH,False,keep,TEMPLATE_GENERIC,BASELINE_OK,La orden R57 §1 nombra esta mecánica entre las que no bastan para GAME. El repositorio ya la enlaza con la rutina imprimible «rutina-guardar-los-objetos-en-su-lugar».,todas
primero-guardar-los-objetos-en-su-lugar,¿Qué va primero? · Guardar los objetos en su lugar,What comes first? · Put things back in their place,ordenar,casa,A2_FROZEN_PUBLIC_BASELINE,primero,['primero'],ROUTINE_PRACTICE,ver dos acciones → decidir cuál va primero → confirmar el orden,NO,,,HIGH,False,keep,TEMPLATE_GENERIC,BASELINE_OK,,todas
ordena-sacar-la-basura,Ordena: sacar la basura,Put in order: take out the rubbish,ordenar,casa,A2_FROZEN_PUBLIC_BASELINE,orden,['orden'],ROUTINE_PRACTICE,ver los pasos desordenados → tocar el que toca ahora → repetir hasta completar la tarea,NO,rutina-sacar-la-basura,,HIGH,False,keep,TEMPLATE_GENERIC,BASELINE_OK,La orden R57 §1 nombra esta mecánica entre las que no bastan para GAME. El repositorio ya la enlaza con la rutina imprimible «rutina-sacar-la-basura».,todas
que-falta-sacar-la-basura,¿Qué falta? · Sacar la basura,What is missing? · Take out the rubbish,ordenar,casa,A2_FROZEN_PUBLIC_BASELINE,falta,['falta'],ROUTINE_PRACTICE,ver la secuencia con un hueco → identificar el paso ausente → colocarlo,NO,,,HIGH,False,keep,TEMPLATE_GENERIC,BASELINE_OK,La orden R57 §1 nombra esta mecánica entre las que no bastan para GAME.,todas
ordena-separar-para-reciclar,Ordena: separar para reciclar,Put in order: sort the recycling,ordenar,casa,A2_FROZEN_PUBLIC_BASELINE,orden,['orden'],ROUTINE_PRACTICE,ver los pasos desordenados → tocar el que toca ahora → repetir hasta completar la tarea,NO,rutina-separar-para-reciclar,,HIGH,False,keep,TEMPLATE_GENERIC,BASELINE_OK,La orden R57 §1 nombra esta mecánica entre las que no bastan para GAME. El repositorio ya la enlaza con la rutina imprimible «rutina-separar-para-reciclar».,todas
que-viene-separar-para-reciclar,¿Qué viene ahora? · Separar para reciclar,What comes next? · Sort the recycling,ordenar,casa,A2_FROZEN_PUBLIC_BASELINE,siguiente,['siguiente'],ROUTINE_PRACTICE,ver el estado de la tarea → elegir cuál es el paso siguiente → confirmar,NO,,,HIGH,False,keep,TEMPLATE_GENERIC,BASELINE_OK,La orden R57 §1 nombra esta mecánica entre las que no bastan para GAME.,todas
ordena-limpiar-una-superficie,Ordena: limpiar una superficie,Put in order: clean a surface,ordenar,casa,A2_FROZEN_PUBLIC_BASELINE,orden,['orden'],ROUTINE_PRACTICE,ver los pasos desordenados → tocar el que toca ahora → repetir hasta completar la tarea,NO,rutina-limpiar-una-superficie,,HIGH,False,keep,TEMPLATE_GENERIC,BASELINE_OK,La orden R57 §1 nombra esta mecánica entre las que no bastan para GAME. El repositorio ya la enlaza con la rutina imprimible «rutina-limpiar-una-superficie».,todas
que-falta-limpiar-una-superficie,¿Qué falta? · Limpiar una superficie,What is missing? · Clean a surface,ordenar,casa,A2_FROZEN_PUBLIC_BASELINE,falta,['falta'],ROUTINE_PRACTICE,ver la secuencia con un hueco → identificar el paso ausente → colocarlo,NO,,,HIGH,False,keep,TEMPLATE_GENERIC,BASELINE_OK,La orden R57 §1 nombra esta mecánica entre las que no bastan para GAME.,todas
ordena-pasar-la-aspiradora,Ordena: pasar la aspiradora,Put in order: vacuum,ordenar,casa,A2_FROZEN_PUBLIC_BASELINE,orden,['orden'],ROUTINE_PRACTICE,ver los pasos desordenados → tocar el que toca ahora → repetir hasta completar la tarea,NO,rutina-pasar-la-aspiradora,,HIGH,False,keep,TEMPLATE_GENERIC,BASELINE_OK,La orden R57 §1 nombra esta mecánica entre las que no bastan para GAME. El repositorio ya la enlaza con la rutina imprimible «rutina-pasar-la-aspiradora».,todas
que-falta-pasar-la-aspiradora,¿Qué falta? · Pasar la aspiradora,What is missing? · Vacuum,ordenar,casa,A2_FROZEN_PUBLIC_BASELINE,falta,['falta'],ROUTINE_PRACTICE,ver la secuencia con un hueco → identificar el paso ausente → colocarlo,NO,,,HIGH,False,keep,TEMPLATE_GENERIC,BASELINE_OK,La orden R57 §1 nombra esta mecánica entre las que no bastan para GAME.,todas
ordena-regar-las-plantas,Ordena: regar las plantas,Put in order: water the plants,ordenar,casa,A2_FROZEN_PUBLIC_BASELINE,orden,['orden'],ROUTINE_PRACTICE,ver los pasos desordenados → tocar el que toca ahora → repetir hasta completar la tarea,NO,rutina-regar-las-plantas,,HIGH,False,keep,TEMPLATE_GENERIC,BASELINE_OK,La orden R57 §1 nombra esta mecánica entre las que no bastan para GAME. El repositorio ya la enlaza con la rutina imprimible «rutina-regar-las-plantas».,todas
primero-regar-las-plantas,¿Qué va primero? · Regar las plantas,What comes first? · Water the plants,ordenar,casa,A2_FROZEN_PUBLIC_BASELINE,primero,['primero'],ROUTINE_PRACTICE,ver dos acciones → decidir cuál va primero → confirmar el orden,NO,,,HIGH,False,keep,TEMPLATE_GENERIC,BASELINE_OK,,todas
ordena-cuidar-a-un-animal-de-compania,Ordena: cuidar a un animal de compañía,Put in order: look after a pet,ordenar,casa,A2_FROZEN_PUBLIC_BASELINE,orden,['orden'],ROUTINE_PRACTICE,ver los pasos desordenados → tocar el que toca ahora → repetir hasta completar la tarea,NO,rutina-cuidar-a-un-animal-de-compania,,HIGH,False,keep,TEMPLATE_GENERIC,BASELINE_OK,La orden R57 §1 nombra esta mecánica entre las que no bastan para GAME. El repositorio ya la enlaza con la rutina imprimible «rutina-cuidar-a-un-animal-de-compania».,todas
que-falta-cuidar-a-un-animal-de-compania,¿Qué falta? · Cuidar a un animal de compañía,What is missing? · Look after a pet,ordenar,casa,A2_FROZEN_PUBLIC_BASELINE,falta,['falta'],ROUTINE_PRACTICE,ver la secuencia con un hueco → identificar el paso ausente → colocarlo,NO,,,HIGH,False,keep,TEMPLATE_GENERIC,BASELINE_OK,La orden R57 §1 nombra esta mecánica entre las que no bastan para GAME.,todas
ordena-preparar-el-escritorio,Ordena: preparar el escritorio,Put in order: set up your desk,ordenar,estudio,A2_FROZEN_PUBLIC_BASELINE,orden,['orden'],ROUTINE_PRACTICE,ver los pasos desordenados → tocar el que toca ahora → repetir hasta completar la tarea,NO,rutina-preparar-el-escritorio,,HIGH,False,keep,TEMPLATE_GENERIC,BASELINE_OK,La orden R57 §1 nombra esta mecánica entre las que no bastan para GAME. El repositorio ya la enlaza con la rutina imprimible «rutina-preparar-el-escritorio».,ado|adu
que-falta-preparar-el-escritorio,¿Qué falta? · Preparar el escritorio,What is missing? · Set up your desk,ordenar,estudio,A2_FROZEN_PUBLIC_BASELINE,falta,['falta'],ROUTINE_PRACTICE,ver la secuencia con un hueco → identificar el paso ausente → colocarlo,NO,,,HIGH,False,keep,TEMPLATE_GENERIC,BASELINE_OK,La orden R57 §1 nombra esta mecánica entre las que no bastan para GAME.,ado|adu
ordena-empezar-una-tarea,Ordena: empezar una tarea,Put in order: start a task,ordenar,estudio,A2_FROZEN_PUBLIC_BASELINE,orden,['orden'],ROUTINE_PRACTICE,ver los pasos desordenados → tocar el que toca ahora → repetir hasta completar la tarea,NO,,,HIGH,False,keep,TEMPLATE_GENERIC,BASELINE_OK,La orden R57 §1 nombra esta mecánica entre las que no bastan para GAME.,ado|adu
que-viene-empezar-una-tarea,¿Qué viene ahora? · Empezar una tarea,What comes next? · Start a task,ordenar,estudio,A2_FROZEN_PUBLIC_BASELINE,siguiente,['siguiente'],ROUTINE_PRACTICE,ver el estado de la tarea → elegir cuál es el paso siguiente → confirmar,NO,,,HIGH,False,keep,TEMPLATE_GENERIC,BASELINE_OK,La orden R57 §1 nombra esta mecánica entre las que no bastan para GAME.,ado|adu
ordena-dividir-una-tarea-grande,Ordena: dividir una tarea grande,Put in order: break a big task down,ordenar,estudio,A2_FROZEN_PUBLIC_BASELINE,orden,['orden'],ROUTINE_PRACTICE,ver los pasos desordenados → tocar el que toca ahora → repetir hasta completar la tarea,NO,rutina-dividir-una-tarea-grande,,HIGH,False,keep,TEMPLATE_GENERIC,BASELINE_OK,La orden R57 §1 nombra esta mecánica entre las que no bastan para GAME. El repositorio ya la enlaza con la rutina imprimible «rutina-dividir-una-tarea-grande».,ado|adu
que-viene-dividir-una-tarea-grande,¿Qué viene ahora? · Dividir una tarea grande,What comes next? · Break a big task down,ordenar,estudio,A2_FROZEN_PUBLIC_BASELINE,siguiente,['siguiente'],ROUTINE_PRACTICE,ver el estado de la tarea → elegir cuál es el paso siguiente → confirmar,NO,,,HIGH,False,keep,TEMPLATE_GENERIC,BASELINE_OK,La orden R57 §1 nombra esta mecánica entre las que no bastan para GAME.,ado|adu
ordena-guardar-los-materiales,Ordena: guardar los materiales,Put in order: put your materials away,ordenar,estudio,A2_FROZEN_PUBLIC_BASELINE,orden,['orden'],ROUTINE_PRACTICE,ver los pasos desordenados → tocar el que toca ahora → repetir hasta completar la tarea,NO,rutina-guardar-los-materiales,,HIGH,False,keep,TEMPLATE_GENERIC,BASELINE_OK,La orden R57 §1 nombra esta mecánica entre las que no bastan para GAME. El repositorio ya la enlaza con la rutina imprimible «rutina-guardar-los-materiales».,ado|adu
primero-guardar-los-materiales,¿Qué va primero? · Guardar los materiales,What comes first? · Put your materials away,ordenar,estudio,A2_FROZEN_PUBLIC_BASELINE,primero,['primero'],ROUTINE_PRACTICE,ver dos acciones → decidir cuál va primero → confirmar el orden,NO,,,HIGH,False,keep,TEMPLATE_GENERIC,BASELINE_OK,,ado|adu
ordena-entregar-una-tarea,Ordena: entregar una tarea,Put in order: hand in a task,ordenar,estudio,A2_FROZEN_PUBLIC_BASELINE,orden,['orden'],ROUTINE_PRACTICE,ver los pasos desordenados → tocar el que toca ahora → repetir hasta completar la tarea,NO,rutina-entregar-una-tarea,,HIGH,False,keep,TEMPLATE_GENERIC,BASELINE_OK,La orden R57 §1 nombra esta mecánica entre las que no bastan para GAME. El repositorio ya la enlaza con la rutina imprimible «rutina-entregar-una-tarea».,ado|adu
que-falta-entregar-una-tarea,¿Qué falta? · Entregar una tarea,What is missing? · Hand in a task,ordenar,estudio,A2_FROZEN_PUBLIC_BASELINE,falta,['falta'],ROUTINE_PRACTICE,ver la secuencia con un hueco → identificar el paso ausente → colocarlo,NO,,,HIGH,False,keep,TEMPLATE_GENERIC,BASELINE_OK,La orden R57 §1 nombra esta mecánica entre las que no bastan para GAME.,ado|adu
ordena-transicion-descanso-trabajo,Ordena: transición descanso → trabajo,Put in order: transition break → work,ordenar,estudio,A2_FROZEN_PUBLIC_BASELINE,orden,['orden'],ROUTINE_PRACTICE,ver los pasos desordenados → tocar el que toca ahora → repetir hasta completar la tarea,NO,rutina-transicion-descanso-trabajo,,HIGH,False,keep,TEMPLATE_GENERIC,BASELINE_OK,La orden R57 §1 nombra esta mecánica entre las que no bastan para GAME. El repositorio ya la enlaza con la rutina imprimible «rutina-transicion-descanso-trabajo».,ado|adu
que-viene-transicion-descanso-trabajo,¿Qué viene ahora? · Transición descanso → trabajo,What comes next? · Transition break → work,ordenar,estudio,A2_FROZEN_PUBLIC_BASELINE,siguiente,['siguiente'],ROUTINE_PRACTICE,ver el estado de la tarea → elegir cuál es el paso siguiente → confirmar,NO,,,HIGH,False,keep,TEMPLATE_GENERIC,BASELINE_OK,La orden R57 §1 nombra esta mecánica entre las que no bastan para GAME.,ado|adu
ordena-pedir-una-adaptacion-o-ayuda,Ordena: pedir una adaptación o ayuda,Put in order: ask for an adjustment or help,ordenar,estudio,A2_FROZEN_PUBLIC_BASELINE,orden,['orden'],ROUTINE_PRACTICE,ver los pasos desordenados → tocar el que toca ahora → repetir hasta completar la tarea,NO,rutina-pedir-una-adaptacion-o-ayuda,,HIGH,False,keep,TEMPLATE_GENERIC,BASELINE_OK,La orden R57 §1 nombra esta mecánica entre las que no bastan para GAME. El repositorio ya la enlaza con la rutina imprimible «rutina-pedir-una-adaptacion-o-ayuda».,ado|adu
que-falta-pedir-una-adaptacion-o-ayuda,¿Qué falta? · Pedir una adaptación o ayuda,What is missing? · Ask for an adjustment or help,ordenar,estudio,A2_FROZEN_PUBLIC_BASELINE,falta,['falta'],ROUTINE_PRACTICE,ver la secuencia con un hueco → identificar el paso ausente → colocarlo,NO,,,HIGH,False,keep,TEMPLATE_GENERIC,BASELINE_OK,La orden R57 §1 nombra esta mecánica entre las que no bastan para GAME.,ado|adu
ordena-seguir-un-horario-del-dia,Ordena: seguir un horario del día,Put in order: follow a day timetable,ordenar,estudio,A2_FROZEN_PUBLIC_BASELINE,orden,['orden'],ROUTINE_PRACTICE,ver los pasos desordenados → tocar el que toca ahora → repetir hasta completar la tarea,NO,rutina-seguir-un-horario-del-dia,,HIGH,False,keep,TEMPLATE_GENERIC,BASELINE_OK,La orden R57 §1 nombra esta mecánica entre las que no bastan para GAME. El repositorio ya la enlaza con la rutina imprimible «rutina-seguir-un-horario-del-dia».,ado|adu
que-viene-seguir-un-horario-del-dia,¿Qué viene ahora? · Seguir un horario del día,What comes next? · Follow a day timetable,ordenar,estudio,A2_FROZEN_PUBLIC_BASELINE,siguiente,['siguiente'],ROUTINE_PRACTICE,ver el estado de la tarea → elegir cuál es el paso siguiente → confirmar,NO,,,HIGH,False,keep,TEMPLATE_GENERIC,BASELINE_OK,La orden R57 §1 nombra esta mecánica entre las que no bastan para GAME.,ado|adu
ordena-cruzar-por-el-paso-de-peatones,Ordena: cruzar por el paso de peatones,Put in order: cross at the crossing,ordenar,salir,A2_FROZEN_PUBLIC_BASELINE,orden,['orden'],ROUTINE_PRACTICE,ver los pasos desordenados → tocar el que toca ahora → repetir hasta completar la tarea,NO,rutina-cruzar-por-el-paso-de-peatones,,HIGH,False,keep,TEMPLATE_GENERIC,BASELINE_OK,La orden R57 §1 nombra esta mecánica entre las que no bastan para GAME. El repositorio ya la enlaza con la rutina imprimible «rutina-cruzar-por-el-paso-de-peatones».,todas
que-viene-cruzar-por-el-paso-de-peatones,¿Qué viene ahora? · Cruzar por el paso de peatones,What comes next? · Cross at the crossing,ordenar,salir,A2_FROZEN_PUBLIC_BASELINE,siguiente,['siguiente'],ROUTINE_PRACTICE,ver el estado de la tarea → elegir cuál es el paso siguiente → confirmar,NO,,,HIGH,False,keep,TEMPLATE_GENERIC,BASELINE_OK,La orden R57 §1 nombra esta mecánica entre las que no bastan para GAME.,todas
ordena-esperar-el-turno,Ordena: esperar el turno,Put in order: wait your turn,ordenar,salir,A2_FROZEN_PUBLIC_BASELINE,orden,['orden'],ROUTINE_PRACTICE,ver los pasos desordenados → tocar el que toca ahora → repetir hasta completar la tarea,NO,rutina-esperar-el-turno,,HIGH,False,keep,TEMPLATE_GENERIC,BASELINE_OK,La orden R57 §1 nombra esta mecánica entre las que no bastan para GAME. El repositorio ya la enlaza con la rutina imprimible «rutina-esperar-el-turno».,todas
que-falta-esperar-el-turno,¿Qué falta? · Esperar el turno,What is missing? · Wait your turn,ordenar,salir,A2_FROZEN_PUBLIC_BASELINE,falta,['falta'],ROUTINE_PRACTICE,ver la secuencia con un hueco → identificar el paso ausente → colocarlo,NO,,,HIGH,False,keep,TEMPLATE_GENERIC,BASELINE_OK,La orden R57 §1 nombra esta mecánica entre las que no bastan para GAME.,todas
ordena-usar-el-transporte-publico,Ordena: usar el transporte público,Put in order: use public transport,ordenar,salir,A2_FROZEN_PUBLIC_BASELINE,orden,['orden'],ROUTINE_PRACTICE,ver los pasos desordenados → tocar el que toca ahora → repetir hasta completar la tarea,NO,rutina-usar-el-transporte-publico,,HIGH,False,keep,TEMPLATE_GENERIC,BASELINE_OK,La orden R57 §1 nombra esta mecánica entre las que no bastan para GAME. El repositorio ya la enlaza con la rutina imprimible «rutina-usar-el-transporte-publico».,todas
que-viene-usar-el-transporte-publico,¿Qué viene ahora? · Usar el transporte público,What comes next? · Use public transport,ordenar,salir,A2_FROZEN_PUBLIC_BASELINE,siguiente,['siguiente'],ROUTINE_PRACTICE,ver el estado de la tarea → elegir cuál es el paso siguiente → confirmar,NO,,,HIGH,False,keep,TEMPLATE_GENERIC,BASELINE_OK,La orden R57 §1 nombra esta mecánica entre las que no bastan para GAME.,todas
ordena-subir-y-bajar-del-autobus-o-metro,Ordena: subir y bajar del autobús o metro,Put in order: get on and off the bus or metro,ordenar,salir,A2_FROZEN_PUBLIC_BASELINE,orden,['orden'],ROUTINE_PRACTICE,ver los pasos desordenados → tocar el que toca ahora → repetir hasta completar la tarea,NO,rutina-subir-y-bajar-del-autobus-o-metro,,HIGH,False,keep,TEMPLATE_GENERIC,BASELINE_OK,La orden R57 §1 nombra esta mecánica entre las que no bastan para GAME. El repositorio ya la enlaza con la rutina imprimible «rutina-subir-y-bajar-del-autobus-o-metro».,todas
que-viene-subir-y-bajar-del-autobus-o-metro,¿Qué viene ahora? · Subir y bajar del autobús o metro,What comes next? · Get on and off the bus or metro,ordenar,salir,A2_FROZEN_PUBLIC_BASELINE,siguiente,['siguiente'],ROUTINE_PRACTICE,ver el estado de la tarea → elegir cuál es el paso siguiente → confirmar,NO,,,HIGH,False,keep,TEMPLATE_GENERIC,BASELINE_OK,La orden R57 §1 nombra esta mecánica entre las que no bastan para GAME.,todas
ordena-comprar-en-una-tienda,Ordena: comprar en una tienda,Put in order: shop in a shop,ordenar,salir,A2_FROZEN_PUBLIC_BASELINE,orden,['orden'],ROUTINE_PRACTICE,ver los pasos desordenados → tocar el que toca ahora → repetir hasta completar la tarea,NO,rutina-comprar-en-una-tienda,,HIGH,False,keep,TEMPLATE_GENERIC,BASELINE_OK,La orden R57 §1 nombra esta mecánica entre las que no bastan para GAME. El repositorio ya la enlaza con la rutina imprimible «rutina-comprar-en-una-tienda».,todas
que-viene-comprar-en-una-tienda,¿Qué viene ahora? · Comprar en una tienda,What comes next? · Shop in a shop,ordenar,salir,A2_FROZEN_PUBLIC_BASELINE,siguiente,['siguiente'],ROUTINE_PRACTICE,ver el estado de la tarea → elegir cuál es el paso siguiente → confirmar,NO,,,HIGH,False,keep,TEMPLATE_GENERIC,BASELINE_OK,La orden R57 §1 nombra esta mecánica entre las que no bastan para GAME.,todas
ordena-pagar,Ordena: pagar,Put in order: pay,ordenar,salir,A2_FROZEN_PUBLIC_BASELINE,orden,['orden'],ROUTINE_PRACTICE,ver los pasos desordenados → tocar el que toca ahora → repetir hasta completar la tarea,NO,rutina-pagar,,HIGH,False,keep,TEMPLATE_GENERIC,BASELINE_OK,La orden R57 §1 nombra esta mecánica entre las que no bastan para GAME. El repositorio ya la enlaza con la rutina imprimible «rutina-pagar».,todas
que-viene-pagar,¿Qué viene ahora? · Pagar,What comes next? · Pay,ordenar,salir,A2_FROZEN_PUBLIC_BASELINE,siguiente,['siguiente'],ROUTINE_PRACTICE,ver el estado de la tarea → elegir cuál es el paso siguiente → confirmar,NO,,,HIGH,False,keep,TEMPLATE_GENERIC,BASELINE_OK,La orden R57 §1 nombra esta mecánica entre las que no bastan para GAME.,todas
ordena-guardar-el-ticket-y-el-cambio,Ordena: guardar el ticket y el cambio,Put in order: keep the receipt and change,ordenar,salir,A2_FROZEN_PUBLIC_BASELINE,orden,['orden'],ROUTINE_PRACTICE,ver los pasos desordenados → tocar el que toca ahora → repetir hasta completar la tarea,NO,rutina-guardar-el-ticket-y-el-cambio,,HIGH,False,keep,TEMPLATE_GENERIC,BASELINE_OK,La orden R57 §1 nombra esta mecánica entre las que no bastan para GAME. El repositorio ya la enlaza con la rutina imprimible «rutina-guardar-el-ticket-y-el-cambio».,todas
primero-guardar-el-ticket-y-el-cambio,¿Qué va primero? · Guardar el ticket y el cambio,What comes first? · Keep the receipt and change,ordenar,salir,A2_FROZEN_PUBLIC_BASELINE,primero,['primero'],ROUTINE_PRACTICE,ver dos acciones → decidir cuál va primero → confirmar el orden,NO,,,HIGH,False,keep,TEMPLATE_GENERIC,BASELINE_OK,,todas
ordena-pedir-ayuda,Ordena: pedir ayuda,Put in order: ask for help,ordenar,salir,A2_FROZEN_PUBLIC_BASELINE,orden,['orden'],ROUTINE_PRACTICE,ver los pasos desordenados → tocar el que toca ahora → repetir hasta completar la tarea,NO,rutina-pedir-ayuda,,HIGH,False,keep,TEMPLATE_GENERIC,BASELINE_OK,La orden R57 §1 nombra esta mecánica entre las que no bastan para GAME. El repositorio ya la enlaza con la rutina imprimible «rutina-pedir-ayuda».,todas
que-falta-pedir-ayuda,¿Qué falta? · Pedir ayuda,What is missing? · Ask for help,ordenar,salir,A2_FROZEN_PUBLIC_BASELINE,falta,['falta'],ROUTINE_PRACTICE,ver la secuencia con un hueco → identificar el paso ausente → colocarlo,NO,,,HIGH,False,keep,TEMPLATE_GENERIC,BASELINE_OK,La orden R57 §1 nombra esta mecánica entre las que no bastan para GAME.,todas
ordena-orientarse-en-un-lugar-conocido,Ordena: orientarse en un lugar conocido,Put in order: find your way in a familiar place,ordenar,salir,A2_FROZEN_PUBLIC_BASELINE,orden,['orden'],ROUTINE_PRACTICE,ver los pasos desordenados → tocar el que toca ahora → repetir hasta completar la tarea,NO,rutina-orientarse-en-un-lugar-conocido,,HIGH,False,keep,TEMPLATE_GENERIC,BASELINE_OK,La orden R57 §1 nombra esta mecánica entre las que no bastan para GAME. El repositorio ya la enlaza con la rutina imprimible «rutina-orientarse-en-un-lugar-conocido».,todas
que-falta-orientarse-en-un-lugar-conocido,¿Qué falta? · Orientarse en un lugar conocido,What is missing? · Find your way in a familiar place,ordenar,salir,A2_FROZEN_PUBLIC_BASELINE,falta,['falta'],ROUTINE_PRACTICE,ver la secuencia con un hueco → identificar el paso ausente → colocarlo,NO,,,HIGH,False,keep,TEMPLATE_GENERIC,BASELINE_OK,La orden R57 §1 nombra esta mecánica entre las que no bastan para GAME.,todas
ordena-ir-a-una-cita-medica,Ordena: ir a una cita médica,Put in order: go to a medical appointment,ordenar,salir,A2_FROZEN_PUBLIC_BASELINE,orden,['orden'],ROUTINE_PRACTICE,ver los pasos desordenados → tocar el que toca ahora → repetir hasta completar la tarea,NO,,,HIGH,False,keep,TEMPLATE_GENERIC,BASELINE_OK,La orden R57 §1 nombra esta mecánica entre las que no bastan para GAME.,todas
que-viene-ir-a-una-cita-medica,¿Qué viene ahora? · Ir a una cita médica,What comes next? · Go to a medical appointment,ordenar,salir,A2_FROZEN_PUBLIC_BASELINE,siguiente,['siguiente'],ROUTINE_PRACTICE,ver el estado de la tarea → elegir cuál es el paso siguiente → confirmar,NO,,,HIGH,False,keep,TEMPLATE_GENERIC,BASELINE_OK,La orden R57 §1 nombra esta mecánica entre las que no bastan para GAME.,todas
ordena-salir-del-sitio-cuando-hay-sobrecarga,Ordena: salir del sitio cuando hay sobrecarga,Put in order: leave when you are overloaded,ordenar,salir,A2_FROZEN_PUBLIC_BASELINE,orden,['orden'],ROUTINE_PRACTICE,ver los pasos desordenados → tocar el que toca ahora → repetir hasta completar la tarea,NO,rutina-salir-del-sitio-cuando-hay-sobrecarga,,HIGH,False,keep,TEMPLATE_GENERIC,BASELINE_OK,La orden R57 §1 nombra esta mecánica entre las que no bastan para GAME. El repositorio ya la enlaza con la rutina imprimible «rutina-salir-del-sitio-cuando-hay-sobrecarga».,todas
que-viene-salir-del-sitio-cuando-hay-sobrecarga,¿Qué viene ahora? · Salir del sitio cuando hay sobrecarga,What comes next? · Leave when you are overloaded,ordenar,salir,A2_FROZEN_PUBLIC_BASELINE,siguiente,['siguiente'],ROUTINE_PRACTICE,ver el estado de la tarea → elegir cuál es el paso siguiente → confirmar,NO,,,HIGH,False,keep,TEMPLATE_GENERIC,BASELINE_OK,La orden R57 §1 nombra esta mecánica entre las que no bastan para GAME.,todas
ordena-prepararse-para-salir,Ordena: prepararse para salir,Put in order: get ready to go out,ordenar,tiempo,A2_FROZEN_PUBLIC_BASELINE,orden,['orden'],ROUTINE_PRACTICE,ver los pasos desordenados → tocar el que toca ahora → repetir hasta completar la tarea,NO,rutina-prepararse-para-salir,,HIGH,False,keep,TEMPLATE_GENERIC,BASELINE_OK,La orden R57 §1 nombra esta mecánica entre las que no bastan para GAME. El repositorio ya la enlaza con la rutina imprimible «rutina-prepararse-para-salir».,todas
que-falta-prepararse-para-salir,¿Qué falta? · Prepararse para salir,What is missing? · Get ready to go out,ordenar,tiempo,A2_FROZEN_PUBLIC_BASELINE,falta,['falta'],ROUTINE_PRACTICE,ver la secuencia con un hueco → identificar el paso ausente → colocarlo,NO,,,HIGH,False,keep,TEMPLATE_GENERIC,BASELINE_OK,La orden R57 §1 nombra esta mecánica entre las que no bastan para GAME.,todas
ordena-terminar-una-actividad,Ordena: terminar una actividad,Put in order: finish an activity,ordenar,tiempo,A2_FROZEN_PUBLIC_BASELINE,orden,['orden'],ROUTINE_PRACTICE,ver los pasos desordenados → tocar el que toca ahora → repetir hasta completar la tarea,NO,rutina-terminar-una-actividad,,HIGH,False,keep,TEMPLATE_GENERIC,BASELINE_OK,La orden R57 §1 nombra esta mecánica entre las que no bastan para GAME. El repositorio ya la enlaza con la rutina imprimible «rutina-terminar-una-actividad».,todas
que-falta-terminar-una-actividad,¿Qué falta? · Terminar una actividad,What is missing? · Finish an activity,ordenar,tiempo,A2_FROZEN_PUBLIC_BASELINE,falta,['falta'],ROUTINE_PRACTICE,ver la secuencia con un hueco → identificar el paso ausente → colocarlo,NO,,,HIGH,False,keep,TEMPLATE_GENERIC,BASELINE_OK,La orden R57 §1 nombra esta mecánica entre las que no bastan para GAME.,todas
ordena-cambiar-de-tarea,Ordena: cambiar de tarea,Put in order: switch task,ordenar,tiempo,A2_FROZEN_PUBLIC_BASELINE,orden,['orden'],ROUTINE_PRACTICE,ver los pasos desordenados → tocar el que toca ahora → repetir hasta completar la tarea,NO,rutina-cambiar-de-tarea,,HIGH,False,keep,TEMPLATE_GENERIC,BASELINE_OK,La orden R57 §1 nombra esta mecánica entre las que no bastan para GAME. El repositorio ya la enlaza con la rutina imprimible «rutina-cambiar-de-tarea».,todas
que-viene-cambiar-de-tarea,¿Qué viene ahora? · Cambiar de tarea,What comes next? · Switch task,ordenar,tiempo,A2_FROZEN_PUBLIC_BASELINE,siguiente,['siguiente'],ROUTINE_PRACTICE,ver el estado de la tarea → elegir cuál es el paso siguiente → confirmar,NO,,,HIGH,False,keep,TEMPLATE_GENERIC,BASELINE_OK,La orden R57 §1 nombra esta mecánica entre las que no bastan para GAME.,todas
ordena-esperar,Ordena: esperar,Put in order: wait,ordenar,tiempo,A2_FROZEN_PUBLIC_BASELINE,orden,['orden'],ROUTINE_PRACTICE,ver los pasos desordenados → tocar el que toca ahora → repetir hasta completar la tarea,NO,rutina-esperar,,HIGH,False,keep,TEMPLATE_GENERIC,BASELINE_OK,La orden R57 §1 nombra esta mecánica entre las que no bastan para GAME. El repositorio ya la enlaza con la rutina imprimible «rutina-esperar».,todas
que-falta-esperar,¿Qué falta? · Esperar,What is missing? · Wait,ordenar,tiempo,A2_FROZEN_PUBLIC_BASELINE,falta,['falta'],ROUTINE_PRACTICE,ver la secuencia con un hueco → identificar el paso ausente → colocarlo,NO,,,HIGH,False,keep,TEMPLATE_GENERIC,BASELINE_OK,La orden R57 §1 nombra esta mecánica entre las que no bastan para GAME.,todas
ordena-seguir-una-cuenta-atras-visual,Ordena: seguir una cuenta atrás visual,Put in order: follow a visual countdown,ordenar,tiempo,A2_FROZEN_PUBLIC_BASELINE,orden,['orden'],ROUTINE_PRACTICE,ver los pasos desordenados → tocar el que toca ahora → repetir hasta completar la tarea,NO,rutina-seguir-una-cuenta-atras-visual,,HIGH,False,keep,TEMPLATE_GENERIC,BASELINE_OK,La orden R57 §1 nombra esta mecánica entre las que no bastan para GAME. El repositorio ya la enlaza con la rutina imprimible «rutina-seguir-una-cuenta-atras-visual».,todas
que-falta-seguir-una-cuenta-atras-visual,¿Qué falta? · Seguir una cuenta atrás visual,What is missing? · Follow a visual countdown,ordenar,tiempo,A2_FROZEN_PUBLIC_BASELINE,falta,['falta'],ROUTINE_PRACTICE,ver la secuencia con un hueco → identificar el paso ausente → colocarlo,NO,,,HIGH,False,keep,TEMPLATE_GENERIC,BASELINE_OK,La orden R57 §1 nombra esta mecánica entre las que no bastan para GAME.,todas
ordena-organizar-la-secuencia-de-la-tarde,Ordena: organizar la secuencia de la tarde,Put in order: plan the afternoon sequence,ordenar,tiempo,A2_FROZEN_PUBLIC_BASELINE,orden,['orden'],ROUTINE_PRACTICE,ver los pasos desordenados → tocar el que toca ahora → repetir hasta completar la tarea,NO,rutina-organizar-la-secuencia-de-la-tarde,,HIGH,False,keep,TEMPLATE_GENERIC,BASELINE_OK,La orden R57 §1 nombra esta mecánica entre las que no bastan para GAME. El repositorio ya la enlaza con la rutina imprimible «rutina-organizar-la-secuencia-de-la-tarde».,todas
que-falta-organizar-la-secuencia-de-la-tarde,¿Qué falta? · Organizar la secuencia de la tarde,What is missing? · Plan the afternoon sequence,ordenar,tiempo,A2_FROZEN_PUBLIC_BASELINE,falta,['falta'],ROUTINE_PRACTICE,ver la secuencia con un hueco → identificar el paso ausente → colocarlo,NO,,,HIGH,False,keep,TEMPLATE_GENERIC,BASELINE_OK,La orden R57 §1 nombra esta mecánica entre las que no bastan para GAME.,todas
primero-primero-despues,¿Qué va primero? · Primero → después,What comes first? · First → then,ordenar,tiempo,A2_FROZEN_PUBLIC_BASELINE,primero,['primero'],ROUTINE_PRACTICE,ver dos acciones → decidir cuál va primero → confirmar el orden,NO,rutina-primero-despues,,HIGH,False,keep,TEMPLATE_GENERIC,BASELINE_OK,El repositorio ya la enlaza con la rutina imprimible «rutina-primero-despues».,todas
ordena-preparar-el-pijama,Ordena: preparar el pijama,Put in order: get your pyjamas ready,ordenar,manana,A2_FROZEN_PUBLIC_BASELINE,orden,['orden'],ROUTINE_PRACTICE,ver los pasos desordenados → tocar el que toca ahora → repetir hasta completar la tarea,NO,rutina-preparar-el-pijama,,HIGH,False,keep,TEMPLATE_GENERIC,BASELINE_OK,La orden R57 §1 nombra esta mecánica entre las que no bastan para GAME. El repositorio ya la enlaza con la rutina imprimible «rutina-preparar-el-pijama».,todas
primero-preparar-el-pijama,¿Qué va primero? · Preparar el pijama,What comes first? · Get your pyjamas ready,ordenar,manana,A2_FROZEN_PUBLIC_BASELINE,primero,['primero'],ROUTINE_PRACTICE,ver dos acciones → decidir cuál va primero → confirmar el orden,NO,,,HIGH,False,keep,TEMPLATE_GENERIC,BASELINE_OK,,todas
ordena-higiene-nocturna,Ordena: higiene nocturna,Put in order: night-time hygiene,ordenar,manana,A2_FROZEN_PUBLIC_BASELINE,orden,['orden'],ROUTINE_PRACTICE,ver los pasos desordenados → tocar el que toca ahora → repetir hasta completar la tarea,NO,rutina-higiene-nocturna,,HIGH,False,keep,TEMPLATE_GENERIC,BASELINE_OK,La orden R57 §1 nombra esta mecánica entre las que no bastan para GAME. El repositorio ya la enlaza con la rutina imprimible «rutina-higiene-nocturna».,todas
que-falta-higiene-nocturna,¿Qué falta? · Higiene nocturna,What is missing? · Night-time hygiene,ordenar,manana,A2_FROZEN_PUBLIC_BASELINE,falta,['falta'],ROUTINE_PRACTICE,ver la secuencia con un hueco → identificar el paso ausente → colocarlo,NO,,,HIGH,False,keep,TEMPLATE_GENERIC,BASELINE_OK,La orden R57 §1 nombra esta mecánica entre las que no bastan para GAME.,todas
ordena-dejar-preparadas-las-cosas-del-dia-siguiente,Ordena: dejar preparadas las cosas del día siguiente,Put in order: get tomorrow's things ready,ordenar,manana,A2_FROZEN_PUBLIC_BASELINE,orden,['orden'],ROUTINE_PRACTICE,ver los pasos desordenados → tocar el que toca ahora → repetir hasta completar la tarea,NO,rutina-dejar-preparadas-las-cosas-del-dia-siguiente,,HIGH,False,keep,TEMPLATE_GENERIC,BASELINE_OK,La orden R57 §1 nombra esta mecánica entre las que no bastan para GAME. El repositorio ya la enlaza con la rutina imprimible «rutina-dejar-preparadas-las-cosas-del-dia-siguiente».,todas
que-falta-dejar-preparadas-las-cosas-del-dia-siguiente,¿Qué falta? · Dejar preparadas las cosas del día siguiente,What is missing? · Get tomorrow's things ready,ordenar,manana,A2_FROZEN_PUBLIC_BASELINE,falta,['falta'],ROUTINE_PRACTICE,ver la secuencia con un hueco → identificar el paso ausente → colocarlo,NO,,,HIGH,False,keep,TEMPLATE_GENERIC,BASELINE_OK,La orden R57 §1 nombra esta mecánica entre las que no bastan para GAME.,todas
ordena-apagar-pantallas-y-luces,Ordena: apagar pantallas y luces,Put in order: turn off screens and lights,ordenar,manana,A2_FROZEN_PUBLIC_BASELINE,orden,['orden'],ROUTINE_PRACTICE,ver los pasos desordenados → tocar el que toca ahora → repetir hasta completar la tarea,NO,rutina-apagar-pantallas-y-luces,,HIGH,False,keep,TEMPLATE_GENERIC,BASELINE_OK,La orden R57 §1 nombra esta mecánica entre las que no bastan para GAME. El repositorio ya la enlaza con la rutina imprimible «rutina-apagar-pantallas-y-luces».,todas
que-falta-apagar-pantallas-y-luces,¿Qué falta? · Apagar pantallas y luces,What is missing? · Turn off screens and lights,ordenar,manana,A2_FROZEN_PUBLIC_BASELINE,falta,['falta'],ROUTINE_PRACTICE,ver la secuencia con un hueco → identificar el paso ausente → colocarlo,NO,,,HIGH,False,keep,TEMPLATE_GENERIC,BASELINE_OK,La orden R57 §1 nombra esta mecánica entre las que no bastan para GAME.,todas
ordena-acostarse,Ordena: acostarse,Put in order: go to bed,ordenar,manana,A2_FROZEN_PUBLIC_BASELINE,orden,['orden'],ROUTINE_PRACTICE,ver los pasos desordenados → tocar el que toca ahora → repetir hasta completar la tarea,NO,rutina-acostarse,,HIGH,False,keep,TEMPLATE_GENERIC,BASELINE_OK,La orden R57 §1 nombra esta mecánica entre las que no bastan para GAME. El repositorio ya la enlaza con la rutina imprimible «rutina-acostarse».,todas
que-falta-acostarse,¿Qué falta? · Acostarse,What is missing? · Go to bed,ordenar,manana,A2_FROZEN_PUBLIC_BASELINE,falta,['falta'],ROUTINE_PRACTICE,ver la secuencia con un hueco → identificar el paso ausente → colocarlo,NO,,,HIGH,False,keep,TEMPLATE_GENERIC,BASELINE_OK,La orden R57 §1 nombra esta mecánica entre las que no bastan para GAME.,todas
ordena-preparar-el-ambiente-de-descanso,Ordena: preparar el ambiente de descanso,Put in order: set up a restful room,ordenar,manana,A2_FROZEN_PUBLIC_BASELINE,orden,['orden'],ROUTINE_PRACTICE,ver los pasos desordenados → tocar el que toca ahora → repetir hasta completar la tarea,NO,rutina-preparar-el-ambiente-de-descanso,,HIGH,False,keep,TEMPLATE_GENERIC,BASELINE_OK,La orden R57 §1 nombra esta mecánica entre las que no bastan para GAME. El repositorio ya la enlaza con la rutina imprimible «rutina-preparar-el-ambiente-de-descanso».,todas
que-viene-preparar-el-ambiente-de-descanso,¿Qué viene ahora? · Preparar el ambiente de descanso,What comes next? · Set up a restful room,ordenar,manana,A2_FROZEN_PUBLIC_BASELINE,siguiente,['siguiente'],ROUTINE_PRACTICE,ver el estado de la tarea → elegir cuál es el paso siguiente → confirmar,NO,,,HIGH,False,keep,TEMPLATE_GENERIC,BASELINE_OK,La orden R57 §1 nombra esta mecánica entre las que no bastan para GAME.,todas
ordena-volver-a-la-cama-si-te-despiertas,Ordena: volver a la cama si te despiertas,Put in order: go back to bed if you wake up,ordenar,manana,A2_FROZEN_PUBLIC_BASELINE,orden,['orden'],ROUTINE_PRACTICE,ver los pasos desordenados → tocar el que toca ahora → repetir hasta completar la tarea,NO,rutina-volver-a-la-cama-si-te-despiertas,,HIGH,False,keep,TEMPLATE_GENERIC,BASELINE_OK,La orden R57 §1 nombra esta mecánica entre las que no bastan para GAME. El repositorio ya la enlaza con la rutina imprimible «rutina-volver-a-la-cama-si-te-despiertas».,todas
que-viene-volver-a-la-cama-si-te-despiertas,¿Qué viene ahora? · Volver a la cama si te despiertas,What comes next? · Go back to bed if you wake up,ordenar,manana,A2_FROZEN_PUBLIC_BASELINE,siguiente,['siguiente'],ROUTINE_PRACTICE,ver el estado de la tarea → elegir cuál es el paso siguiente → confirmar,NO,,,HIGH,False,keep,TEMPLATE_GENERIC,BASELINE_OK,La orden R57 §1 nombra esta mecánica entre las que no bastan para GAME.,todas
ordena-tomar-la-medicacion,Ordena: tomar la medicación,Put in order: take your medication,ordenar,cuidarse,A2_FROZEN_PUBLIC_BASELINE,orden,['orden'],ROUTINE_PRACTICE,ver los pasos desordenados → tocar el que toca ahora → repetir hasta completar la tarea,NO,rutina-tomar-la-medicacion,,HIGH,False,keep,TEMPLATE_GENERIC,BASELINE_OK,La orden R57 §1 nombra esta mecánica entre las que no bastan para GAME. El repositorio ya la enlaza con la rutina imprimible «rutina-tomar-la-medicacion».,todas
que-falta-tomar-la-medicacion,¿Qué falta? · Tomar la medicación,What is missing? · Take your medication,ordenar,cuidarse,A2_FROZEN_PUBLIC_BASELINE,falta,['falta'],ROUTINE_PRACTICE,ver la secuencia con un hueco → identificar el paso ausente → colocarlo,NO,,,HIGH,False,keep,TEMPLATE_GENERIC,BASELINE_OK,La orden R57 §1 nombra esta mecánica entre las que no bastan para GAME.,todas
ordena-prepararse-para-el-dentista,Ordena: prepararse para el dentista,Put in order: get ready for the dentist,ordenar,cuidarse,A2_FROZEN_PUBLIC_BASELINE,orden,['orden'],ROUTINE_PRACTICE,ver los pasos desordenados → tocar el que toca ahora → repetir hasta completar la tarea,NO,rutina-prepararse-para-el-dentista,,HIGH,False,keep,TEMPLATE_GENERIC,BASELINE_OK,La orden R57 §1 nombra esta mecánica entre las que no bastan para GAME. El repositorio ya la enlaza con la rutina imprimible «rutina-prepararse-para-el-dentista».,todas
que-viene-prepararse-para-el-dentista,¿Qué viene ahora? · Prepararse para el dentista,What comes next? · Get ready for the dentist,ordenar,cuidarse,A2_FROZEN_PUBLIC_BASELINE,siguiente,['siguiente'],ROUTINE_PRACTICE,ver el estado de la tarea → elegir cuál es el paso siguiente → confirmar,NO,,,HIGH,False,keep,TEMPLATE_GENERIC,BASELINE_OK,La orden R57 §1 nombra esta mecánica entre las que no bastan para GAME.,todas
ordena-cargar-el-telefono,Ordena: cargar el teléfono,Put in order: charge your phone,ordenar,cuidarse,A2_FROZEN_PUBLIC_BASELINE,orden,['orden'],ROUTINE_PRACTICE,ver los pasos desordenados → tocar el que toca ahora → repetir hasta completar la tarea,NO,rutina-cargar-el-telefono,,HIGH,False,keep,TEMPLATE_GENERIC,BASELINE_OK,La orden R57 §1 nombra esta mecánica entre las que no bastan para GAME. El repositorio ya la enlaza con la rutina imprimible «rutina-cargar-el-telefono».,todas
que-falta-cargar-el-telefono,¿Qué falta? · Cargar el teléfono,What is missing? · Charge your phone,ordenar,cuidarse,A2_FROZEN_PUBLIC_BASELINE,falta,['falta'],ROUTINE_PRACTICE,ver la secuencia con un hueco → identificar el paso ausente → colocarlo,NO,,,HIGH,False,keep,TEMPLATE_GENERIC,BASELINE_OK,La orden R57 §1 nombra esta mecánica entre las que no bastan para GAME.,todas
ordena-manejar-el-dinero-de-la-semana,Ordena: manejar el dinero de la semana,Put in order: manage the week's money,ordenar,cuidarse,A2_FROZEN_PUBLIC_BASELINE,orden,['orden'],ROUTINE_PRACTICE,ver los pasos desordenados → tocar el que toca ahora → repetir hasta completar la tarea,NO,rutina-manejar-el-dinero-de-la-semana,,HIGH,False,keep,TEMPLATE_GENERIC,BASELINE_OK,La orden R57 §1 nombra esta mecánica entre las que no bastan para GAME. El repositorio ya la enlaza con la rutina imprimible «rutina-manejar-el-dinero-de-la-semana».,todas
que-viene-manejar-el-dinero-de-la-semana,¿Qué viene ahora? · Manejar el dinero de la semana,What comes next? · Manage the week's money,ordenar,cuidarse,A2_FROZEN_PUBLIC_BASELINE,siguiente,['siguiente'],ROUTINE_PRACTICE,ver el estado de la tarea → elegir cuál es el paso siguiente → confirmar,NO,,,HIGH,False,keep,TEMPLATE_GENERIC,BASELINE_OK,La orden R57 §1 nombra esta mecánica entre las que no bastan para GAME.,todas
ordena-abrir-un-envase-dificil,Ordena: abrir un envase difícil,Put in order: open a tricky package,ordenar,cuidarse,A2_FROZEN_PUBLIC_BASELINE,orden,['orden'],ROUTINE_PRACTICE,ver los pasos desordenados → tocar el que toca ahora → repetir hasta completar la tarea,NO,rutina-abrir-un-envase-dificil,,HIGH,False,keep,TEMPLATE_GENERIC,BASELINE_OK,La orden R57 §1 nombra esta mecánica entre las que no bastan para GAME. El repositorio ya la enlaza con la rutina imprimible «rutina-abrir-un-envase-dificil».,todas
que-falta-abrir-un-envase-dificil,¿Qué falta? · Abrir un envase difícil,What is missing? · Open a tricky package,ordenar,cuidarse,A2_FROZEN_PUBLIC_BASELINE,falta,['falta'],ROUTINE_PRACTICE,ver la secuencia con un hueco → identificar el paso ausente → colocarlo,NO,,,HIGH,False,keep,TEMPLATE_GENERIC,BASELINE_OK,La orden R57 §1 nombra esta mecánica entre las que no bastan para GAME.,todas
ordena-contestar-a-la-puerta-o-al-telefono,Ordena: contestar a la puerta o al teléfono,Put in order: answer the door or the phone,ordenar,cuidarse,A2_FROZEN_PUBLIC_BASELINE,orden,['orden'],ROUTINE_PRACTICE,ver los pasos desordenados → tocar el que toca ahora → repetir hasta completar la tarea,NO,rutina-contestar-a-la-puerta-o-al-telefono,,HIGH,False,keep,TEMPLATE_GENERIC,BASELINE_OK,La orden R57 §1 nombra esta mecánica entre las que no bastan para GAME. El repositorio ya la enlaza con la rutina imprimible «rutina-contestar-a-la-puerta-o-al-telefono».,todas
que-viene-contestar-a-la-puerta-o-al-telefono,¿Qué viene ahora? · Contestar a la puerta o al teléfono,What comes next? · Answer the door or the phone,ordenar,cuidarse,A2_FROZEN_PUBLIC_BASELINE,siguiente,['siguiente'],ROUTINE_PRACTICE,ver el estado de la tarea → elegir cuál es el paso siguiente → confirmar,NO,,,HIGH,False,keep,TEMPLATE_GENERIC,BASELINE_OK,La orden R57 §1 nombra esta mecánica entre las que no bastan para GAME.,todas
ordena-usar-una-lista-de-la-compra,Ordena: usar una lista de la compra,Put in order: use a shopping list,ordenar,cuidarse,A2_FROZEN_PUBLIC_BASELINE,orden,['orden'],ROUTINE_PRACTICE,ver los pasos desordenados → tocar el que toca ahora → repetir hasta completar la tarea,NO,rutina-usar-una-lista-de-la-compra,,HIGH,False,keep,TEMPLATE_GENERIC,BASELINE_OK,La orden R57 §1 nombra esta mecánica entre las que no bastan para GAME. El repositorio ya la enlaza con la rutina imprimible «rutina-usar-una-lista-de-la-compra».,todas
que-falta-usar-una-lista-de-la-compra,¿Qué falta? · Usar una lista de la compra,What is missing? · Use a shopping list,ordenar,cuidarse,A2_FROZEN_PUBLIC_BASELINE,falta,['falta'],ROUTINE_PRACTICE,ver la secuencia con un hueco → identificar el paso ausente → colocarlo,NO,,,HIGH,False,keep,TEMPLATE_GENERIC,BASELINE_OK,La orden R57 §1 nombra esta mecánica entre las que no bastan para GAME.,todas
ordena-descansar-antes-de-agotarte,Ordena: descansar antes de agotarte,Put in order: rest before you crash,ordenar,cuidarse,A2_FROZEN_PUBLIC_BASELINE,orden,['orden'],ROUTINE_PRACTICE,ver los pasos desordenados → tocar el que toca ahora → repetir hasta completar la tarea,NO,rutina-descansar-antes-de-agotarte,,HIGH,False,keep,TEMPLATE_GENERIC,BASELINE_OK,La orden R57 §1 nombra esta mecánica entre las que no bastan para GAME. El repositorio ya la enlaza con la rutina imprimible «rutina-descansar-antes-de-agotarte».,todas
que-viene-descansar-antes-de-agotarte,¿Qué viene ahora? · Descansar antes de agotarte,What comes next? · Rest before you crash,ordenar,cuidarse,A2_FROZEN_PUBLIC_BASELINE,siguiente,['siguiente'],ROUTINE_PRACTICE,ver el estado de la tarea → elegir cuál es el paso siguiente → confirmar,NO,,,HIGH,False,keep,TEMPLATE_GENERIC,BASELINE_OK,La orden R57 §1 nombra esta mecánica entre las que no bastan para GAME.,todas
ordena-prepararse-para-un-cambio-previsto,Ordena: prepararse para un cambio previsto,Put in order: get ready for a planned change,ordenar,cuidarse,A2_FROZEN_PUBLIC_BASELINE,orden,['orden'],ROUTINE_PRACTICE,ver los pasos desordenados → tocar el que toca ahora → repetir hasta completar la tarea,NO,rutina-prepararse-para-un-cambio-previsto,,HIGH,False,keep,TEMPLATE_GENERIC,BASELINE_OK,La orden R57 §1 nombra esta mecánica entre las que no bastan para GAME. El repositorio ya la enlaza con la rutina imprimible «rutina-prepararse-para-un-cambio-previsto».,todas
que-viene-prepararse-para-un-cambio-previsto,¿Qué viene ahora? · Prepararse para un cambio previsto,What comes next? · Get ready for a planned change,ordenar,cuidarse,A2_FROZEN_PUBLIC_BASELINE,siguiente,['siguiente'],ROUTINE_PRACTICE,ver el estado de la tarea → elegir cuál es el paso siguiente → confirmar,NO,,,HIGH,False,keep,TEMPLATE_GENERIC,BASELINE_OK,La orden R57 §1 nombra esta mecánica entre las que no bastan para GAME.,todas
ordena-recargar-el-abono-de-transporte,Ordena: recargar el abono de transporte,Put in order: top up your travel card,ordenar,cuidarse,A2_FROZEN_PUBLIC_BASELINE,orden,['orden'],ROUTINE_PRACTICE,ver los pasos desordenados → tocar el que toca ahora → repetir hasta completar la tarea,NO,rutina-recargar-el-abono-de-transporte,,HIGH,False,keep,TEMPLATE_GENERIC,BASELINE_OK,La orden R57 §1 nombra esta mecánica entre las que no bastan para GAME. El repositorio ya la enlaza con la rutina imprimible «rutina-recargar-el-abono-de-transporte».,todas
que-falta-recargar-el-abono-de-transporte,¿Qué falta? · Recargar el abono de transporte,What is missing? · Top up your travel card,ordenar,cuidarse,A2_FROZEN_PUBLIC_BASELINE,falta,['falta'],ROUTINE_PRACTICE,ver la secuencia con un hueco → identificar el paso ausente → colocarlo,NO,,,HIGH,False,keep,TEMPLATE_GENERIC,BASELINE_OK,La orden R57 §1 nombra esta mecánica entre las que no bastan para GAME.,todas
ordena-afeitarse,Ordena: afeitarse,Put in order: shaving,ordenar,higiene,A2_FROZEN_PUBLIC_BASELINE,orden,['orden'],ROUTINE_PRACTICE,ver los pasos desordenados → tocar el que toca ahora → repetir hasta completar la tarea,NO,afeitarse,,HIGH,False,keep,TEMPLATE_GENERIC,BASELINE_OK,La orden R57 §1 nombra esta mecánica entre las que no bastan para GAME. El repositorio ya la enlaza con la rutina imprimible «afeitarse».,ado|adu
ordena-cocinar-una-receta,Ordena: cocinar una receta,Put in order: cooking a recipe,ordenar,comidas,A2_FROZEN_PUBLIC_BASELINE,orden,['orden'],ROUTINE_PRACTICE,ver los pasos desordenados → tocar el que toca ahora → repetir hasta completar la tarea,NO,cocinar-una-receta,,HIGH,False,keep,TEMPLATE_GENERIC,BASELINE_OK,La orden R57 §1 nombra esta mecánica entre las que no bastan para GAME. El repositorio ya la enlaza con la rutina imprimible «cocinar-una-receta».,ado|adu
ordena-limpiar-la-casa,Ordena: limpiar la casa por partes,Put in order: cleaning the house in parts,ordenar,casa,A2_FROZEN_PUBLIC_BASELINE,orden,['orden'],ROUTINE_PRACTICE,ver los pasos desordenados → tocar el que toca ahora → repetir hasta completar la tarea,NO,limpiar-la-casa,,HIGH,False,keep,TEMPLATE_GENERIC,BASELINE_OK,La orden R57 §1 nombra esta mecánica entre las que no bastan para GAME. El repositorio ya la enlaza con la rutina imprimible «limpiar-la-casa».,adu
r40-higiene-ordenar,"Lavarse las manos, paso a paso","Wash your hands, step by step",ordenar,higiene,R40_A1_45_NEW,orden,['orden'],ROUTINE_PRACTICE,ver los pasos desordenados → tocar el que toca ahora → repetir hasta completar la tarea,NO,,,HIGH,False,keep,TEMPLATE_GENERIC,BASELINE_OK,La orden R57 §1 nombra esta mecánica entre las que no bastan para GAME.,todas
r40-higiene-elegir,¿Por dónde quieres empezar?,Where do you want to start?,elegir,higiene,R40_A1_45_NEW,elegir,['elegir'],ROUTINE_PRACTICE,leer dos o tres opciones válidas → elegir una → seguir por ahí,NO,,,MEDIUM,True,keep,TEMPLATE_GENERIC,BASELINE_OK,Elegir el punto de entrada de una tarea cotidiana concreta.,todas
r40-higiene-clasificar,Cada objeto con su cuidado,Match each item to its care task,clasificar,higiene,R40_A1_45_NEW,repartir,['repartir'],ROUTINE_PRACTICE,ver elementos sueltos → repartirlos entre dos o tres destinos → revisar el reparto,NO,,,MEDIUM,True,keep,TEMPLATE_GENERIC,BASELINE_OK,Categorizar objetos cotidianos por su sitio o su uso.,todas
r40-higiene-planificar,Prepara tu cuidado personal,Plan your personal care,planificar,higiene,R40_A1_45_NEW,construir,['construir'],TOOL,elegir los pasos que quieres → ordenarlos a tu manera → obtener un plan que puedes imprimir,NO,,,HIGH,False,keep,TEMPLATE_GENERIC,BASELINE_OK,,todas
r40-higiene-memoria,Memoria del baño,Bathroom memory,memoria,higiene,R40_A1_45_NEW,memoria,['memoria'],GAME,destapar dos fichas → recordar dónde estaba cada una → formar todas las parejas,YES,,,HIGH,False,merge,TEMPLATE_GENERIC,BASELINE_OK,Mecánica autónoma: el interés no depende de la tarea que decora. Temática genérica y ambición baja. Casi idéntico a «memoria-de-la-higiene»: mismo contexto y misma mecánica.,todas
r40-vestirse-ordenar,Vestirse para salir,Get dressed to go out,ordenar,vestirse,R40_A1_45_NEW,orden,['orden'],ROUTINE_PRACTICE,ver los pasos desordenados → tocar el que toca ahora → repetir hasta completar la tarea,NO,,,HIGH,False,keep,TEMPLATE_GENERIC,BASELINE_OK,La orden R57 §1 nombra esta mecánica entre las que no bastan para GAME.,todas
r40-vestirse-elegir,Elige una prenda para empezar,Choose an item to start with,elegir,vestirse,R40_A1_45_NEW,elegir,['elegir'],ROUTINE_PRACTICE,leer dos o tres opciones válidas → elegir una → seguir por ahí,NO,,,MEDIUM,True,keep,TEMPLATE_GENERIC,BASELINE_OK,Elegir el punto de entrada de una tarea cotidiana concreta.,todas
r40-vestirse-clasificar,Ropa y calzado,Clothes and footwear,clasificar,vestirse,R40_A1_45_NEW,repartir,['repartir'],ROUTINE_PRACTICE,ver elementos sueltos → repartirlos entre dos o tres destinos → revisar el reparto,NO,,,MEDIUM,True,keep,TEMPLATE_GENERIC,BASELINE_OK,Categorizar objetos cotidianos por su sitio o su uso.,todas
r40-vestirse-planificar,Prepara lo que te vas a poner,Plan what you will wear,planificar,vestirse,R40_A1_45_NEW,construir,['construir'],TOOL,elegir los pasos que quieres → ordenarlos a tu manera → obtener un plan que puedes imprimir,NO,,,HIGH,False,keep,TEMPLATE_GENERIC,BASELINE_OK,,todas
r40-vestirse-memoria,Memoria de la ropa,Clothes memory,memoria,vestirse,R40_A1_45_NEW,memoria,['memoria'],GAME,destapar dos fichas → recordar dónde estaba cada una → formar todas las parejas,YES,,,HIGH,False,keep,TEMPLATE_GENERIC,BASELINE_OK,Mecánica autónoma: el interés no depende de la tarea que decora. Temática genérica y ambición baja.,todas
r40-comidas-ordenar,Preparar un bocadillo,Make a sandwich,ordenar,comidas,R40_A1_45_NEW,orden,['orden'],ROUTINE_PRACTICE,ver los pasos desordenados → tocar el que toca ahora → repetir hasta completar la tarea,NO,,,HIGH,False,keep,TEMPLATE_GENERIC,BASELINE_OK,La orden R57 §1 nombra esta mecánica entre las que no bastan para GAME.,todas
r40-comidas-elegir,¿Qué comida quieres preparar?,Which meal do you want to prepare?,elegir,comidas,R40_A1_45_NEW,elegir,['elegir'],ROUTINE_PRACTICE,leer dos o tres opciones válidas → elegir una → seguir por ahí,NO,,,MEDIUM,True,keep,TEMPLATE_GENERIC,BASELINE_OK,Elegir el punto de entrada de una tarea cotidiana concreta.,todas
r40-comidas-clasificar,Nevera o fregadero,Fridge or sink,clasificar,comidas,R40_A1_45_NEW,repartir,['repartir'],ROUTINE_PRACTICE,ver elementos sueltos → repartirlos entre dos o tres destinos → revisar el reparto,NO,,,MEDIUM,True,keep,TEMPLATE_GENERIC,BASELINE_OK,Categorizar objetos cotidianos por su sitio o su uso.,todas
r40-comidas-planificar,Prepara una comida para llevar,Plan food to take with you,planificar,comidas,R40_A1_45_NEW,construir,['construir'],TOOL,elegir los pasos que quieres → ordenarlos a tu manera → obtener un plan que puedes imprimir,NO,,,HIGH,False,keep,TEMPLATE_GENERIC,BASELINE_OK,,todas
r40-comidas-memoria,Memoria de la cocina · nueva tanda,Kitchen memory · new set,memoria,comidas,R40_A1_45_NEW,memoria,['memoria'],GAME,destapar dos fichas → recordar dónde estaba cada una → formar todas las parejas,YES,,,HIGH,False,merge,TEMPLATE_GENERIC,BASELINE_OK,Mecánica autónoma: el interés no depende de la tarea que decora. Temática genérica y ambición baja. Casi idéntico a «memoria-de-la-cocina»: mismo contexto y misma mecánica.,todas
r40-manana-ordenar,Prepararse para salir,Get ready to go out,ordenar,manana,R40_A1_45_NEW,orden,['orden'],ROUTINE_PRACTICE,ver los pasos desordenados → tocar el que toca ahora → repetir hasta completar la tarea,NO,,,HIGH,False,keep,TEMPLATE_GENERIC,BASELINE_OK,La orden R57 §1 nombra esta mecánica entre las que no bastan para GAME.,todas
r40-manana-elegir,Deja una cosa lista,Get one thing ready,elegir,manana,R40_A1_45_NEW,elegir,['elegir'],ROUTINE_PRACTICE,leer dos o tres opciones válidas → elegir una → seguir por ahí,NO,,,MEDIUM,True,keep,TEMPLATE_GENERIC,BASELINE_OK,Elegir el punto de entrada de una tarea cotidiana concreta.,todas
r40-manana-clasificar,Mañana o noche,Morning or night,clasificar,manana,R40_A1_45_NEW,repartir,['repartir'],ROUTINE_PRACTICE,ver elementos sueltos → repartirlos entre dos o tres destinos → revisar el reparto,NO,,,MEDIUM,True,keep,TEMPLATE_GENERIC,BASELINE_OK,Categorizar objetos cotidianos por su sitio o su uso.,todas
r40-manana-planificar,Construye tu salida de casa,Build your leaving-home plan,planificar,manana,R40_A1_45_NEW,construir,['construir'],TOOL,elegir los pasos que quieres → ordenarlos a tu manera → obtener un plan que puedes imprimir,NO,,,HIGH,False,keep,TEMPLATE_GENERIC,BASELINE_OK,,todas
r40-manana-memoria,Memoria antes de salir,Leaving-home memory,memoria,manana,R40_A1_45_NEW,memoria,['memoria'],GAME,destapar dos fichas → recordar dónde estaba cada una → formar todas las parejas,YES,,,HIGH,False,keep,TEMPLATE_GENERIC,BASELINE_OK,Mecánica autónoma: el interés no depende de la tarea que decora. Temática genérica y ambición baja.,todas
r40-casa-ordenar,Poner a punto una habitación,Get a room ready,ordenar,casa,R40_A1_45_NEW,orden,['orden'],ROUTINE_PRACTICE,ver los pasos desordenados → tocar el que toca ahora → repetir hasta completar la tarea,NO,,,HIGH,False,keep,TEMPLATE_GENERIC,BASELINE_OK,La orden R57 §1 nombra esta mecánica entre las que no bastan para GAME.,todas
r40-casa-elegir,Elige una tarea pequeña de casa,Choose one small household task,elegir,casa,R40_A1_45_NEW,elegir,['elegir'],ROUTINE_PRACTICE,leer dos o tres opciones válidas → elegir una → seguir por ahí,NO,,,MEDIUM,True,keep,TEMPLATE_GENERIC,BASELINE_OK,Elegir el punto de entrada de una tarea cotidiana concreta.,todas
r40-casa-clasificar,Armario o nevera,Wardrobe or fridge,clasificar,casa,R40_A1_45_NEW,repartir,['repartir'],ROUTINE_PRACTICE,ver elementos sueltos → repartirlos entre dos o tres destinos → revisar el reparto,NO,,,MEDIUM,True,keep,TEMPLATE_GENERIC,BASELINE_OK,Categorizar objetos cotidianos por su sitio o su uso.,todas
r40-casa-planificar,Haz tu plan de casa,Make your home plan,planificar,casa,R40_A1_45_NEW,construir,['construir'],TOOL,elegir los pasos que quieres → ordenarlos a tu manera → obtener un plan que puedes imprimir,NO,,,HIGH,False,keep,TEMPLATE_GENERIC,BASELINE_OK,,todas
r40-casa-memoria,Memoria de casa,Home memory,memoria,casa,R40_A1_45_NEW,memoria,['memoria'],GAME,destapar dos fichas → recordar dónde estaba cada una → formar todas las parejas,YES,,,HIGH,False,keep,TEMPLATE_GENERIC,BASELINE_OK,Mecánica autónoma: el interés no depende de la tarea que decora. Temática genérica y ambición baja.,todas
r40-salir-ordenar,Del portal al destino,From home to your destination,ordenar,salir,R40_A1_45_NEW,orden,['orden'],ROUTINE_PRACTICE,ver los pasos desordenados → tocar el que toca ahora → repetir hasta completar la tarea,NO,,,HIGH,False,keep,TEMPLATE_GENERIC,BASELINE_OK,La orden R57 §1 nombra esta mecánica entre las que no bastan para GAME.,todas
r40-salir-elegir,Comprueba una cosa antes de salir,Check one thing before leaving,elegir,salir,R40_A1_45_NEW,elegir,['elegir'],ROUTINE_PRACTICE,leer dos o tres opciones válidas → elegir una → seguir por ahí,NO,,,MEDIUM,True,keep,TEMPLATE_GENERIC,BASELINE_OK,Elegir el punto de entrada de una tarea cotidiana concreta.,todas
r40-salir-clasificar,Lo llevo o se queda en casa,Take it or leave it at home,clasificar,salir,R40_A1_45_NEW,repartir,['repartir'],ROUTINE_PRACTICE,ver elementos sueltos → repartirlos entre dos o tres destinos → revisar el reparto,NO,,,MEDIUM,True,keep,TEMPLATE_GENERIC,BASELINE_OK,Categorizar objetos cotidianos por su sitio o su uso.,todas
r40-salir-planificar,Planifica una salida sencilla,Plan a simple trip out,planificar,salir,R40_A1_45_NEW,construir,['construir'],TOOL,elegir los pasos que quieres → ordenarlos a tu manera → obtener un plan que puedes imprimir,NO,,,HIGH,False,keep,TEMPLATE_GENERIC,BASELINE_OK,,todas
r40-salir-memoria,Memoria para salir,Going-out memory,memoria,salir,R40_A1_45_NEW,memoria,['memoria'],GAME,destapar dos fichas → recordar dónde estaba cada una → formar todas las parejas,YES,,,HIGH,False,keep,TEMPLATE_GENERIC,BASELINE_OK,Mecánica autónoma: el interés no depende de la tarea que decora. Temática genérica y ambición baja.,todas
r40-estudio-ordenar,Responder una tarea breve,Complete a short task,ordenar,estudio,R40_A1_45_NEW,orden,['orden'],ROUTINE_PRACTICE,ver los pasos desordenados → tocar el que toca ahora → repetir hasta completar la tarea,NO,,,HIGH,False,keep,TEMPLATE_GENERIC,BASELINE_OK,La orden R57 §1 nombra esta mecánica entre las que no bastan para GAME.,todas
r40-estudio-elegir,Elige cómo empezar,Choose how to start,elegir,estudio,R40_A1_45_NEW,elegir,['elegir'],ROUTINE_PRACTICE,leer dos o tres opciones válidas → elegir una → seguir por ahí,NO,,,MEDIUM,True,keep,TEMPLATE_GENERIC,BASELINE_OK,Elegir el punto de entrada de una tarea cotidiana concreta.,todas
r40-estudio-clasificar,Trabajo o descanso,Work or break,clasificar,estudio,R40_A1_45_NEW,repartir,['repartir'],ROUTINE_PRACTICE,ver elementos sueltos → repartirlos entre dos o tres destinos → revisar el reparto,NO,,,MEDIUM,True,keep,TEMPLATE_GENERIC,BASELINE_OK,Categorizar objetos cotidianos por su sitio o su uso.,todas
r40-estudio-planificar,Construye una sesión de estudio o trabajo,Build a study or work session,planificar,estudio,R40_A1_45_NEW,construir,['construir'],TOOL,elegir los pasos que quieres → ordenarlos a tu manera → obtener un plan que puedes imprimir,NO,,,HIGH,False,keep,TEMPLATE_GENERIC,BASELINE_OK,,todas
r40-estudio-memoria,Memoria del escritorio,Desk memory,memoria,estudio,R40_A1_45_NEW,memoria,['memoria'],GAME,destapar dos fichas → recordar dónde estaba cada una → formar todas las parejas,YES,,,HIGH,False,keep,TEMPLATE_GENERIC,BASELINE_OK,Mecánica autónoma: el interés no depende de la tarea que decora. Temática genérica y ambición baja.,todas
r40-tiempo-ordenar,Cambiar de una tarea a otra,Move from one task to another,ordenar,tiempo,R40_A1_45_NEW,orden,['orden'],ROUTINE_PRACTICE,ver los pasos desordenados → tocar el que toca ahora → repetir hasta completar la tarea,NO,,,HIGH,False,keep,TEMPLATE_GENERIC,BASELINE_OK,La orden R57 §1 nombra esta mecánica entre las que no bastan para GAME.,todas
r40-tiempo-elegir,Elige cómo preparar un cambio,Choose how to prepare for a change,elegir,tiempo,R40_A1_45_NEW,elegir,['elegir'],TOOL,leer dos o tres opciones válidas → elegir una → seguir por ahí,NO,,,MEDIUM,True,keep,TEMPLATE_GENERIC,BASELINE_OK,"Elegir cómo prepararse para un cambio: apoyo de transición, no práctica de tarea.",todas
r40-tiempo-clasificar,Actividad o pausa,Activity or break,clasificar,tiempo,R40_A1_45_NEW,repartir,['repartir'],ROUTINE_PRACTICE,ver elementos sueltos → repartirlos entre dos o tres destinos → revisar el reparto,NO,,,MEDIUM,True,keep,TEMPLATE_GENERIC,BASELINE_OK,Categorizar objetos cotidianos por su sitio o su uso.,todas
r40-tiempo-planificar,Organiza un rato de tarde,Plan part of your afternoon,planificar,tiempo,R40_A1_45_NEW,construir,['construir'],TOOL,elegir los pasos que quieres → ordenarlos a tu manera → obtener un plan que puedes imprimir,NO,,,HIGH,False,keep,TEMPLATE_GENERIC,BASELINE_OK,,todas
r40-tiempo-memoria,Memoria de planes,Plans memory,memoria,tiempo,R40_A1_45_NEW,memoria,['memoria'],GAME,destapar dos fichas → recordar dónde estaba cada una → formar todas las parejas,YES,,,HIGH,False,keep,TEMPLATE_GENERIC,BASELINE_OK,Mecánica autónoma: el interés no depende de la tarea que decora. Temática genérica y ambición baja.,todas
r40-cuidarse-ordenar,Hacer una pausa y volver,Take a break and return,ordenar,cuidarse,R40_A1_45_NEW,orden,['orden'],ROUTINE_PRACTICE,ver los pasos desordenados → tocar el que toca ahora → repetir hasta completar la tarea,NO,,,HIGH,False,keep,TEMPLATE_GENERIC,BASELINE_OK,La orden R57 §1 nombra esta mecánica entre las que no bastan para GAME.,todas
r40-cuidarse-elegir,¿Qué necesitas ahora?,What do you need now?,elegir,cuidarse,R40_A1_45_NEW,elegir,['elegir'],TOOL,leer dos o tres opciones válidas → elegir una → seguir por ahí,NO,,,MEDIUM,True,keep,TEMPLATE_GENERIC,BASELINE_OK,"«¿Qué necesitas ahora?»: menú de autocuidado, no práctica de tarea.",todas
r40-cuidarse-clasificar,Para una pausa o para salir,For a break or for going out,clasificar,cuidarse,R40_A1_45_NEW,repartir,['repartir'],ROUTINE_PRACTICE,ver elementos sueltos → repartirlos entre dos o tres destinos → revisar el reparto,NO,,,MEDIUM,True,keep,TEMPLATE_GENERIC,BASELINE_OK,Categorizar objetos cotidianos por su sitio o su uso.,todas
r40-cuidarse-planificar,Prepara una pausa a tu manera,Plan a break your way,planificar,cuidarse,R40_A1_45_NEW,construir,['construir'],TOOL,elegir los pasos que quieres → ordenarlos a tu manera → obtener un plan que puedes imprimir,NO,,,HIGH,False,keep,TEMPLATE_GENERIC,BASELINE_OK,,todas
r40-cuidarse-memoria,Memoria de cosas útiles,Useful-things memory,memoria,cuidarse,R40_A1_45_NEW,memoria,['memoria'],GAME,destapar dos fichas → recordar dónde estaba cada una → formar todas las parejas,YES,,,HIGH,False,keep,TEMPLATE_GENERIC,BASELINE_OK,Mecánica autónoma: el interés no depende de la tarea que decora. Temática genérica y ambición baja.,todas
